Workbook

Sheet Все требования
E1: Выполнено в 1 релизе? | L1: Оценка на 28.09.2026 | M1: Статический анализ архива 23.09.2026. Стенд не проверен. H — план; L — оценка. | N1: Пути относительно корня архива. Полные основания: DKB_RELEASE_1_REVIEW_2026-09-28.md
B2: № требования | C2: Требование | D2: Задача в Jira | E2: На 05.08 | F2: На 04.09 | G2: На 07.09 | H2: Будет готово к проверке в релиз 1.0 | I2: Плановая дата реализации | J2: Комментарий | K2: Актуальный номер | L2: Оценка по архиву | M2: Замечания и необходимые подтверждения | N2: Основание: файл и строки
B3: Требования к реализации ролевой модели
B4: ДКБ-РМ-01 | C4: Ролевая модель должна соответствовать принципу наименьших привилегий. Выдаваться должны только те права и полномочия в системе, которые необходимы для выполнения конкретной задачи. (требование к ПУЗ выдаваемый через PAM, ТУЗ) | D4: https://jira.sberbank.ru/browse/CRPLTFRM-37124 | E4: =IF(EXACT(IFERROR(VLOOKUP(B4,' Первый релиз (05.08)'!$A$1:$A$96,1,FALSE),"нет"),B4),"Да","Нет") -> Да | F4: =IF(EXACT(IFERROR(VLOOKUP(B4,'Первый релиз (04.09)'!$A$1:$A$96,1,FALSE),"нет"),B4),"Да","Нет") -> Да | G4: Да | H4: Да | K4: 1 | L4: Частично | M4: Есть роли и назначения AD-групп. Минимум полномочий ПУЗ/ТУЗ требует проверки эффективных политик, включая OpenSearch all_access. | N4: ansible/roles/keystone/tasks/register.yml:62–70 ansible/roles/keystone/tasks/assign_ldap_roles.yml:47–68
B5: ДКБ-РМ-02 | C5: Не должно быть совмещения ролей администратора ПВ с любыми другими ролями, наследование и агрегирование прав должны быть согласованы с УЭК. | D5: https://jira.sberbank.ru/browse/CRPLTFRM-37124 | E5: =IF(EXACT(IFERROR(VLOOKUP(B5,' Первый релиз (05.08)'!$A$1:$A$96,1,FALSE),"нет"),B5),"Да","Нет") -> Да | F5: =IF(EXACT(IFERROR(VLOOKUP(B5,'Первый релиз (04.09)'!$A$1:$A$96,1,FALSE),"нет"),B5),"Да","Нет") -> Нет | G5: Да | H5: Да | J5: Обратить внимание на матрицу несовместимости ролей | K5: 2 | L5: Не подтверждено | M5: Автоматический запрет совмещения ролей не установлен. Нужны матрица несовместимости и отрицательная проверка назначения. | N5: ansible/roles/keystone/tasks/register.yml:62–70 ansible/roles/keystone/tasks/assign_ldap_roles.yml:47–68
B6: ДКБ-РМ-03 | C6: Запуск любых скриптов администраторами должен производиться только через PAM под привилегированной учетной записью. (ЦКЗ) | D6: https://jira.sberbank.ru/browse/CRPLTFRM-37124 | E6: =IF(EXACT(IFERROR(VLOOKUP(B6,' Первый релиз (05.08)'!$A$1:$A$96,1,FALSE),"нет"),B6),"Да","Нет") -> Нет | F6: =IF(EXACT(IFERROR(VLOOKUP(B6,'Первый релиз (04.09)'!$A$1:$A$96,1,FALSE),"нет"),B6),"Да","Нет") -> Нет | G6: Нет | K6: 5 | L6: Вне объёма оценки | M6: В колонке H нет отметки «Да» для релиза 1.0. Выполнение по архиву в этой оценке не анализировалось. | N6: Исходный Excel, «Все требования», H6
B7: ДКБ-РМ-04 | C7: Управление ролевыми моделями и ПУЗ, ТУЗ должны происходить в АС СУУПТ. | D7: https://jira.sberbank.ru/browse/CRPLTFRM-37124 | E7: =IF(EXACT(IFERROR(VLOOKUP(B7,' Первый релиз (05.08)'!$A$1:$A$96,1,FALSE),"нет"),B7),"Да","Нет") -> Нет | F7: =IF(EXACT(IFERROR(VLOOKUP(B7,'Первый релиз (04.09)'!$A$1:$A$96,1,FALSE),"нет"),B7),"Да","Нет") -> Нет | G7: Нет | K7: 6 | L7: Вне объёма оценки | M7: В колонке H нет отметки «Да» для релиза 1.0. Выполнение по архиву в этой оценке не анализировалось. | N7: Исходный Excel, «Все требования», H7
B8: ДКБ-РМ-05 | C8: Использование локальных технологических учетных записей для исполнения задач пользователей и администраторов запрещено. (ЦКЗ) | D8: https://jira.sberbank.ru/browse/CRPLTFRM-37124 | E8: =IF(EXACT(IFERROR(VLOOKUP(B8,' Первый релиз (05.08)'!$A$1:$A$96,1,FALSE),"нет"),B8),"Да","Нет") -> Нет | F8: =IF(EXACT(IFERROR(VLOOKUP(B8,'Первый релиз (04.09)'!$A$1:$A$96,1,FALSE),"нет"),B8),"Да","Нет") -> Да | G8: Да | H8: Да | K8: - | L8: Не подтверждено | M8: Технические УЗ создаются. Запрет их использования человеком для пользовательских и административных задач не подтверждён. | N8: ansible/roles/keystone/tasks/register.yml:2–13 ansible/roles/opensearch/defaults/main.yml:343–370
B9: ДКБ-РМ-06 | C9: Запрет использования локальных учетных записей в системе. | D9: https://jira.sberbank.ru/browse/CRPLTFRM-37124 | E9: =IF(EXACT(IFERROR(VLOOKUP(B9,' Первый релиз (05.08)'!$A$1:$A$96,1,FALSE),"нет"),B9),"Да","Нет") -> Да | F9: =IF(EXACT(IFERROR(VLOOKUP(B9,'Первый релиз (04.09)'!$A$1:$A$96,1,FALSE),"нет"),B9),"Да","Нет") -> Да | G9: Да | H9: Да | K9: 7* | L9: Разрыв | M9: В типовой конфигурации остаются локальный bootstrap-admin и внутренние УЗ OpenSearch. Зафиксировать допустимые исключения и запрет локального пользовательского входа. | N9: ansible/roles/keystone/tasks/register.yml:2–13 ansible/roles/opensearch/defaults/main.yml:343–370
B10: ДКБ-РМ-07 | C10: Учетные записи по умолчанию должны быть отключены | D10: https://jira.sberbank.ru/browse/CRPLTFRM-37124 | E10: =IF(EXACT(IFERROR(VLOOKUP(B10,' Первый релиз (05.08)'!$A$1:$A$96,1,FALSE),"нет"),B10),"Да","Нет") -> Да | F10: =IF(EXACT(IFERROR(VLOOKUP(B10,'Первый релиз (04.09)'!$A$1:$A$96,1,FALSE),"нет"),B10),"Да","Нет") -> Да | G10: Да | H10: Да | K10: 8 | L10: Не подтверждено | M10: Общее отключение стандартных УЗ не установлено. Проверить итоговый перечень УЗ и отключённые входы после развёртывания. | N10: ansible/roles/keystone/tasks/register.yml:2–13 ansible/roles/opensearch/defaults/main.yml:343–370
B11: ДКБ-РМ-08 | C11: UI пользователя (администратора) системы не должен отображать элементы, на работу с которыми у него нет прав. | D11: https://jira.sberbank.ru/browse/CRPLTFRM-37124 | E11: =IF(EXACT(IFERROR(VLOOKUP(B11,' Первый релиз (05.08)'!$A$1:$A$96,1,FALSE),"нет"),B11),"Да","Нет") -> Да | F11: =IF(EXACT(IFERROR(VLOOKUP(B11,'Первый релиз (04.09)'!$A$1:$A$96,1,FALSE),"нет"),B11),"Да","Нет") -> Нет | G11: Нет | J11: Элементы есть, но действия заблокированы | K11: 12 | L11: Вне объёма оценки | M11: В колонке H нет отметки «Да» для релиза 1.0. Выполнение по архиву в этой оценке не анализировалось. | N11: Исходный Excel, «Все требования», H11
B12: ДКБ-РМ-09 | C12: Парольная информация (ключи, секреты, пароли и т.д) должна храниться в Secman. | D12: https://jira.sberbank.ru/browse/CRPLTFRM-37124 | E12: =IF(EXACT(IFERROR(VLOOKUP(B12,' Первый релиз (05.08)'!$A$1:$A$96,1,FALSE),"нет"),B12),"Да","Нет") -> Да | F12: =IF(EXACT(IFERROR(VLOOKUP(B12,'Первый релиз (04.09)'!$A$1:$A$96,1,FALSE),"нет"),B12),"Да","Нет") -> Нет | G12: Да | H12: Да | J12: За исключением нулевых секретов (ДКБ-ЗСО-01) | K12: 63* | L12: Частично | M12: Есть SecMan-адаптер и ссылки на секреты. Проверить все потребители и постоянные копии. Исключение нулевых секретов из J12 сохранено. | N12: kolla_ansible/secret_backends.py:26–57 ansible/group_vars/all.yml:1807–1813
B13: ДКБ-РМ-10 | C13: Должна быть исключена доступ к паролям и другим конфиденциальным данным пользователей системы. | D13: https://jira.sberbank.ru/browse/CRPLTFRM-37124 | E13: =IF(EXACT(IFERROR(VLOOKUP(B13,' Первый релиз (05.08)'!$A$1:$A$96,1,FALSE),"нет"),B13),"Да","Нет") -> Нет | F13: =IF(EXACT(IFERROR(VLOOKUP(B13,'Первый релиз (04.09)'!$A$1:$A$96,1,FALSE),"нет"),B13),"Да","Нет") -> Нет | G13: Нет | K13: 13 | L13: Вне объёма оценки | M13: В колонке H нет отметки «Да» для релиза 1.0. Выполнение по архиву в этой оценке не анализировалось. | N13: Исходный Excel, «Все требования», H13
B14: ДКБ-РМ-11 | C14: Должен обеспечиваться контроль данных загружаемых в систему, исключающий возможность загрузки произвольного кода и исполняемых файлов (такие как SQL инъекции, скрипты, файлы запуска и т.д.). | D14: https://jira.sberbank.ru/browse/CRPLTFRM-37124 | E14: =IF(EXACT(IFERROR(VLOOKUP(B14,' Первый релиз (05.08)'!$A$1:$A$96,1,FALSE),"нет"),B14),"Да","Нет") -> Нет | F14: =IF(EXACT(IFERROR(VLOOKUP(B14,'Первый релиз (04.09)'!$A$1:$A$96,1,FALSE),"нет"),B14),"Да","Нет") -> Нет | G14: Нет | K14: 14 | L14: Вне объёма оценки | M14: В колонке H нет отметки «Да» для релиза 1.0. Выполнение по архиву в этой оценке не анализировалось. | N14: Исходный Excel, «Все требования», H14
B15: ДКБ-РМ-12 | C15: В средстве виртуализации должен быть реализован ролевой метод управления доступом с четырьмя ролями пользователей: разработчик виртуальной машины, администратор безопасности средства виртуализации, администратор средства виртуализации, администратор виртуальной машины. | D15: https://jira.sberbank.ru/browse/CRPLTFRM-37124 | E15: =IF(EXACT(IFERROR(VLOOKUP(B15,' Первый релиз (05.08)'!$A$1:$A$96,1,FALSE),"нет"),B15),"Да","Нет") -> Да | F15: =IF(EXACT(IFERROR(VLOOKUP(B15,'Первый релиз (04.09)'!$A$1:$A$96,1,FALSE),"нет"),B15),"Да","Нет") -> Нет | G15: Да | H15: Да | J15: Итоговая РМ будет учтена в следующем релизе | K15: 113 | L15: Частично; конфликт объёма | M15: Есть назначения member/admin. Четыре прикладные роли не подтверждены. H15=Да, но J15 переносит итоговую РМ в следующий релиз. | N15: ansible/roles/keystone/tasks/register.yml:62–70 ansible/roles/keystone/tasks/assign_ldap_roles.yml:47–68
B16: ДКБ-РМ-13 | C16: Роль разработчика виртуальной машины должна позволять: - создавать виртуальные машины; - изменять конфигурации виртуальных машин. | D16: https://jira.sberbank.ru/browse/CRPLTFRM-37124 | E16: =IF(EXACT(IFERROR(VLOOKUP(B16,' Первый релиз (05.08)'!$A$1:$A$96,1,FALSE),"нет"),B16),"Да","Нет") -> Да | F16: =IF(EXACT(IFERROR(VLOOKUP(B16,'Первый релиз (04.09)'!$A$1:$A$96,1,FALSE),"нет"),B16),"Да","Нет") -> Нет | G16: Да | H16: Да | K16: 114 | L16: Есть механизм | M16: AD-группа разработчиков получает member. Проверить создание и изменение конфигурации ВМ в разрешённом проекте. | N16: ansible/roles/keystone/tasks/register.yml:62–70 ansible/roles/keystone/tasks/assign_ldap_roles.yml:47–68
B17: ДКБ-РМ-14 | C17: Роль администратора безопасности средства виртуализации должна позволять: - иметь доступ на чтение к журналу событий безопасности средства виртуализации; - формировать отчеты с учетом заданных критериев отбора, выгрузку (экспорт) данных из журнала событий безопасности средства виртуализации. | D17: https://jira.sberbank.ru/browse/CRPLTFRM-37124 | E17: =IF(EXACT(IFERROR(VLOOKUP(B17,' Первый релиз (05.08)'!$A$1:$A$96,1,FALSE),"нет"),B17),"Да","Нет") -> Да | F17: =IF(EXACT(IFERROR(VLOOKUP(B17,'Первый релиз (04.09)'!$A$1:$A$96,1,FALSE),"нет"),B17),"Да","Нет") -> Нет | G17: Да | H17: Да | K17: 115 | L17: Частично | M17: Есть роль чтения и Dashboards. Проверить отчёты/экспорт под целевой ролью. LDAP-группа администратора OpenSearch получает all_access. | N17: ansible/roles/opensearch/defaults/main.yml:407–424, 457–467
B18: ДКБ-РМ-15 | C18: Роль администратора средства виртуализации должна позволять: - создавать учетные записи пользователей средства виртуализации; - управлять учетными записями пользователей средства виртуализации; - назначать права доступа пользователям средства виртуализации к виртуальным машинам; - создавать и удалять виртуальное оборудование средства виртуализации; - изменять конфигурации виртуального оборудования средства виртуализации; - управлять доступом виртуальных машин к физическому и виртуальному оборудованию; - управлять квотами доступа виртуальных машин к физическому и виртуальному оборудованию; - управлять перемещением виртуальных машин; - удалять виртуальные машины; - запускать и останавливать виртуальные машины; - создавать снимки состояния виртуальных машин, включающих файл конфигурации виртуальной машины, образа виртуальной машины и образа памяти виртуальной машины. | D18: https://jira.sberbank.ru/browse/CRPLTFRM-37124 | E18: =IF(EXACT(IFERROR(VLOOKUP(B18,' Первый релиз (05.08)'!$A$1:$A$96,1,FALSE),"нет"),B18),"Да","Нет") -> Да | F18: =IF(EXACT(IFERROR(VLOOKUP(B18,'Первый релиз (04.09)'!$A$1:$A$96,1,FALSE),"нет"),B18),"Да","Нет") -> Нет | G18: Да | H18: Да | K18: 116 | L18: Частично | M18: Есть admin, но полный перечень операций не испытан. Отдельно подтвердить снимок с конфигурацией, диском и памятью ВМ. | N18: ansible/roles/keystone/tasks/register.yml:62–70 ansible/roles/keystone/tasks/assign_ldap_roles.yml:47–68
B19: ДКБ-РМ-16 | C19: Роль администратора виртуальной машины должна позволять осуществлять доступ пользователя средства виртуализации к виртуальной машине посредством интерфейса средства виртуализации. | D19: https://jira.sberbank.ru/browse/CRPLTFRM-37124 | E19: =IF(EXACT(IFERROR(VLOOKUP(B19,' Первый релиз (05.08)'!$A$1:$A$96,1,FALSE),"нет"),B19),"Да","Нет") -> Нет | F19: =IF(EXACT(IFERROR(VLOOKUP(B19,'Первый релиз (04.09)'!$A$1:$A$96,1,FALSE),"нет"),B19),"Да","Нет") -> Нет | G19: Нет | K19: 117 | L19: Вне объёма оценки | M19: В колонке H нет отметки «Да» для релиза 1.0. Выполнение по архиву в этой оценке не анализировалось. | N19: Исходный Excel, «Все требования», H19
B20: Требования к механизмам аутентификации и авторизации
B21: ДКБ-А-01 | C21: Аутентификация с использованием привилегированных УЗ на компонентах ПВ должна осуществляться через АС PAM. | D21: https://jira.sberbank.ru/browse/CRPLTFRM-37124 | E21: =IF(EXACT(IFERROR(VLOOKUP(B21,' Первый релиз (05.08)'!$A$1:$A$96,1,FALSE),"нет"),B21),"Да","Нет") -> Нет | F21: =IF(EXACT(IFERROR(VLOOKUP(B21,'Первый релиз (04.09)'!$A$1:$A$96,1,FALSE),"нет"),B21),"Да","Нет") -> Да | G21: Да | H21: Да | J21: Подключение к инсталляции обязательно через PAM, требования в адрес СБТ не передается | K21: 16 | L21: Требование к окружению | M21: J21 относит доступ через PAM к окружению банка без передачи требования СБТ. Нужен протокол обязательного маршрута через PAM. | N21: Исходный Excel; отдельные документы и протоколы не представлены
B22: ДКБ-А-02 | C22: У администратора не должно быть прямого доступ к файловому хранилищу дисков виртуальных машин через административный интерфейс PV Stack | D22: https://jira.sberbank.ru/browse/CRPLTFRM-37124 | E22: =IF(EXACT(IFERROR(VLOOKUP(B22,' Первый релиз (05.08)'!$A$1:$A$96,1,FALSE),"нет"),B22),"Да","Нет") -> Да | F22: =IF(EXACT(IFERROR(VLOOKUP(B22,'Первый релиз (04.09)'!$A$1:$A$96,1,FALSE),"нет"),B22),"Да","Нет") -> Да | G22: Да | H22: Да | K22: 18 | L22: Не подтверждено | M22: Запрет прямого доступа к файловому хранилищу дисков через административный UI требует испытания готового интерфейса и его роли. | N22: ansible/roles/horizon/templates/_9998-kolla-settings.py.j2 ansible/roles/keystone/templates/keystone-ldap-domain.conf.j2
B23: ДКБ-А-03 | C23: Механизм резервного копирования PV Stack должен исключить необходимость предоставления привилегированного доступа к системе для администратора | D23: https://jira.sberbank.ru/browse/CRPLTFRM-37124 | E23: =IF(EXACT(IFERROR(VLOOKUP(B23,' Первый релиз (05.08)'!$A$1:$A$96,1,FALSE),"нет"),B23),"Да","Нет") -> Нет | F23: =IF(EXACT(IFERROR(VLOOKUP(B23,'Первый релиз (04.09)'!$A$1:$A$96,1,FALSE),"нет"),B23),"Да","Нет") -> Да | G23: ??? | J23: См. кейс с Крепостью | K23: 20 | L23: Вне объёма оценки | M23: В колонке H нет отметки «Да» для релиза 1.0. Выполнение по архиву в этой оценке не анализировалось. | N23: Исходный Excel, «Все требования», H23
B24: ДКБ-А-04 | C24: Должно быть реализовано ограничение количества неуспешных попыток доступа к ПВ с последующей блокировкой учетной записи доступа после достижения установленного максимального числа попыток. | D24: https://jira.sberbank.ru/browse/CRPLTFRM-37124 | E24: =IF(EXACT(IFERROR(VLOOKUP(B24,' Первый релиз (05.08)'!$A$1:$A$96,1,FALSE),"нет"),B24),"Да","Нет") -> Да | F24: =IF(EXACT(IFERROR(VLOOKUP(B24,'Первый релиз (04.09)'!$A$1:$A$96,1,FALSE),"нет"),B24),"Да","Нет") -> Да | G24: Да | H24: Да | K24: 21 | L24: Не подтверждено | M24: Проверить предел неуспешных попыток и блокировку УЗ в AD/Keystone/UI. Наличие LDAP само по себе ограничение не доказывает. | N24: ansible/roles/horizon/templates/_9998-kolla-settings.py.j2 ansible/roles/keystone/templates/keystone-ldap-domain.conf.j2
B25: ДКБ-А-05 | C25: Должно быть реализовано ограничение числа параллельных сеансов доступа. | D25: https://jira.sberbank.ru/browse/CRPLTFRM-37124 | E25: =IF(EXACT(IFERROR(VLOOKUP(B25,' Первый релиз (05.08)'!$A$1:$A$96,1,FALSE),"нет"),B25),"Да","Нет") -> Да | F25: =IF(EXACT(IFERROR(VLOOKUP(B25,'Первый релиз (04.09)'!$A$1:$A$96,1,FALSE),"нет"),B25),"Да","Нет") -> Да | G25: Да | H25: Да | K25: 22 | L25: Не подтверждено | M25: Явная настройка предела параллельных сеансов в шаблонах не найдена. Проверить готовый UI и все разрешённые способы входа. | N25: ansible/roles/horizon/templates/_9998-kolla-settings.py.j2 ansible/roles/keystone/templates/keystone-ldap-domain.conf.j2
B26: ДКБ-А-06 | C26: Блокирование сеанса доступа пользователя при неактивности, по истечении 15 минут. | D26: https://jira.sberbank.ru/browse/CRPLTFRM-37124 | E26: =IF(EXACT(IFERROR(VLOOKUP(B26,' Первый релиз (05.08)'!$A$1:$A$96,1,FALSE),"нет"),B26),"Да","Нет") -> Да | F26: =IF(EXACT(IFERROR(VLOOKUP(B26,'Первый релиз (04.09)'!$A$1:$A$96,1,FALSE),"нет"),B26),"Да","Нет") -> Да | G26: Да | H26: Да | K26: 23 | L26: Не подтверждено | M26: Явный тайм-аут бездействия 15 минут в шаблонах не найден. Нужен тест готового UI; это не доказательство отсутствия функции в образе. | N26: ansible/roles/horizon/templates/_9998-kolla-settings.py.j2 ansible/roles/keystone/templates/keystone-ldap-domain.conf.j2
B27: ДКБ-А-07 | C27: Первичная идентификация пользователей средства виртуализации 6 класса защиты должна осуществляться администратором средства виртуализации. | D27: https://jira.sberbank.ru/browse/CRPLTFRM-37124 | E27: =IF(EXACT(IFERROR(VLOOKUP(B27,' Первый релиз (05.08)'!$A$1:$A$96,1,FALSE),"нет"),B27),"Да","Нет") -> Нет | F27: =IF(EXACT(IFERROR(VLOOKUP(B27,'Первый релиз (04.09)'!$A$1:$A$96,1,FALSE),"нет"),B27),"Да","Нет") -> Да | G27: ??? | J27: Требование не к продукту vs. мнение коллег из отдела КИ | K27: 118 | L27: Вне объёма оценки | M27: В колонке H нет отметки «Да» для релиза 1.0. Выполнение по архиву в этой оценке не анализировалось. | N27: Исходный Excel, «Все требования», H27
B28: ДКБ-А-08 | C28: Идентификация и аутентификация пользователей в средстве виртуализации осуществляется с учетом требований разделов 4 – 7 ГОСТ Р 58833–2020 "Защита информации. Идентификация и аутентификация. Общие положения" | D28: https://jira.sberbank.ru/browse/CRPLTFRM-37124 | E28: =IF(EXACT(IFERROR(VLOOKUP(B28,' Первый релиз (05.08)'!$A$1:$A$96,1,FALSE),"нет"),B28),"Да","Нет") -> Нет | F28: =IF(EXACT(IFERROR(VLOOKUP(B28,'Первый релиз (04.09)'!$A$1:$A$96,1,FALSE),"нет"),B28),"Да","Нет") -> Да | G28: Да | H28: Да | K28: 119 | L28: Не подтверждено | M28: Нужно отдельное сопоставление и протокол по разделам 4–7 ГОСТ Р 58833–2020. По наличию AD соответствие не устанавливается. | N28: Исходный Excel; отдельные документы и протоколы не представлены
B29: ДКБ-А-09 | C29: Средство виртуализации должно осуществлять аутентификацию пользователей при предъявлении идентификатора и пароля пользователя. | D29: https://jira.sberbank.ru/browse/CRPLTFRM-37124 | E29: =IF(EXACT(IFERROR(VLOOKUP(B29,' Первый релиз (05.08)'!$A$1:$A$96,1,FALSE),"нет"),B29),"Да","Нет") -> Да | F29: =IF(EXACT(IFERROR(VLOOKUP(B29,'Первый релиз (04.09)'!$A$1:$A$96,1,FALSE),"нет"),B29),"Да","Нет") -> Нет | G29: Да | H29: Да | K29: 120 | L29: Есть механизм | M29: Keystone/LDAP и настройки Horizon предусматривают вход по учётным данным. Проверить целевой UI и домен. | N29: ansible/roles/horizon/templates/_9998-kolla-settings.py.j2 ansible/roles/keystone/templates/keystone-ldap-domain.conf.j2
B30: ДКБ-А-10 | C30: Пароль пользователя для первичной аутентификации должен устанавливаться администратором средства виртуализации. | D30: https://jira.sberbank.ru/browse/CRPLTFRM-37124 | E30: =IF(EXACT(IFERROR(VLOOKUP(B30,' Первый релиз (05.08)'!$A$1:$A$96,1,FALSE),"нет"),B30),"Да","Нет") -> Нет | F30: =IF(EXACT(IFERROR(VLOOKUP(B30,'Первый релиз (04.09)'!$A$1:$A$96,1,FALSE),"нет"),B30),"Да","Нет") -> Нет | G30: Нет | K30: 121 | L30: Вне объёма оценки | M30: В колонке H нет отметки «Да» для релиза 1.0. Выполнение по архиву в этой оценке не анализировалось. | N30: Исходный Excel, «Все требования», H30
B31: ДКБ-А-11 | C31: Средство виртуализации должно обеспечивать возможность смены установленного администратором средства виртуализации пароля пользователя средства виртуализации после его первичной аутентификации. | D31: https://jira.sberbank.ru/browse/CRPLTFRM-37124 | E31: =IF(EXACT(IFERROR(VLOOKUP(B31,' Первый релиз (05.08)'!$A$1:$A$96,1,FALSE),"нет"),B31),"Да","Нет") -> Нет | F31: =IF(EXACT(IFERROR(VLOOKUP(B31,'Первый релиз (04.09)'!$A$1:$A$96,1,FALSE),"нет"),B31),"Да","Нет") -> Нет | G31: Нет | K31: 122 | L31: Вне объёма оценки | M31: В колонке H нет отметки «Да» для релиза 1.0. Выполнение по архиву в этой оценке не анализировалось. | N31: Исходный Excel, «Все требования», H31
B32: ДКБ-А-12 | C32: Средство виртуализации должно обеспечивать невозможность установления одинаковых идентификаторов и паролей для разных пользователей. | D32: https://jira.sberbank.ru/browse/CRPLTFRM-37124 | E32: =IF(EXACT(IFERROR(VLOOKUP(B32,' Первый релиз (05.08)'!$A$1:$A$96,1,FALSE),"нет"),B32),"Да","Нет") -> Нет | F32: =IF(EXACT(IFERROR(VLOOKUP(B32,'Первый релиз (04.09)'!$A$1:$A$96,1,FALSE),"нет"),B32),"Да","Нет") -> Нет | G32: Нет | K32: 123 | L32: Вне объёма оценки | M32: В колонке H нет отметки «Да» для релиза 1.0. Выполнение по архиву в этой оценке не анализировалось. | N32: Исходный Excel, «Все требования», H32
B33: ДКБ-А-13 | C33: При попытке ввода неправильного значения идентификатора или пароля пользователя должно выводиться сообщение с приглашением ввести правильный идентификатор и пароль еще раз. | D33: https://jira.sberbank.ru/browse/CRPLTFRM-37124 | E33: =IF(EXACT(IFERROR(VLOOKUP(B33,' Первый релиз (05.08)'!$A$1:$A$96,1,FALSE),"нет"),B33),"Да","Нет") -> Да | F33: =IF(EXACT(IFERROR(VLOOKUP(B33,'Первый релиз (04.09)'!$A$1:$A$96,1,FALSE),"нет"),B33),"Да","Нет") -> Нет | G33: Да | H33: Да | K33: 124 | L33: Не подтверждено | M33: Проверить текст сообщения и повторный ввод при неверных данных в готовом UI. Исходный код формы в Kolla-архиве не представлен. | N33: ansible/roles/horizon/templates/_9998-kolla-settings.py.j2 ansible/roles/keystone/templates/keystone-ldap-domain.conf.j2
B34: ДКБ-А-14 | C34: При исчерпании установленного максимального количества неуспешных попыток ввода неправильного пароля учетная запись пользователя средства виртуализации должна быть заблокирована с возможностью разблокировки администратором средства виртуализации или с возможностью автоматической разблокировки по истечении временного интервала, устанавливаемого администратором средства виртуализации. | D34: https://jira.sberbank.ru/browse/CRPLTFRM-37124 | E34: =IF(EXACT(IFERROR(VLOOKUP(B34,' Первый релиз (05.08)'!$A$1:$A$96,1,FALSE),"нет"),B34),"Да","Нет") -> Нет | F34: =IF(EXACT(IFERROR(VLOOKUP(B34,'Первый релиз (04.09)'!$A$1:$A$96,1,FALSE),"нет"),B34),"Да","Нет") -> Нет | G34: Нет | K34: 125 | L34: Вне объёма оценки | M34: В колонке H нет отметки «Да» для релиза 1.0. Выполнение по архиву в этой оценке не анализировалось. | N34: Исходный Excel, «Все требования», H34
B35: ДКБ-А-15 | C35: Защита пароля пользователя средства виртуализации должна обеспечиваться при его вводе за счет отображения вводимых символов условными знаками. | D35: https://jira.sberbank.ru/browse/CRPLTFRM-37124 | E35: =IF(EXACT(IFERROR(VLOOKUP(B35,' Первый релиз (05.08)'!$A$1:$A$96,1,FALSE),"нет"),B35),"Да","Нет") -> Да | F35: =IF(EXACT(IFERROR(VLOOKUP(B35,'Первый релиз (04.09)'!$A$1:$A$96,1,FALSE),"нет"),B35),"Да","Нет") -> Да | G35: Да | H35: Да | K35: 126 | L35: Не подтверждено | M35: Маскирование пароля при вводе проверить в готовом UI. Kolla-шаблоны не доказывают поведение поля ввода в образе. | N35: ansible/roles/horizon/templates/_9998-kolla-settings.py.j2 ansible/roles/keystone/templates/keystone-ldap-domain.conf.j2
B36: Требования к защите сетевых соединений
B37: ДКБ-С-01 | C37: Системы-участники (включая части системы, шлюзы, платформенные сервисы и т.д.) при сетевых взаимодействиях должны обеспечивать строгую аутентификацию и авторизацию друг друга с помощью криптостойких алгоритмов шифрования, соответствующих комплаенсу банка. Сетевые соединения с не аутентифицированными и/или неавторизованными сторонами должен быть исключен. | D37: https://jira.sberbank.ru/browse/CRPLTFRM-37124 | E37: =IF(EXACT(IFERROR(VLOOKUP(B37,' Первый релиз (05.08)'!$A$1:$A$96,1,FALSE),"нет"),B37),"Да","Нет") -> Да | F37: =IF(EXACT(IFERROR(VLOOKUP(B37,'Первый релиз (04.09)'!$A$1:$A$96,1,FALSE),"нет"),B37),"Да","Нет") -> Да | G37: Да | H37: Да | K37: 24 | L37: Частично; разрыв | M37: Есть mTLS для ряда каналов. OpenSearch HAProxy-backend использует ssl verify none. Общие TLS/mTLS-флаги выключены по умолчанию; проверить все потоки и авторизацию. | N37: ansible/roles/opensearch/defaults/main.yml:63 ansible/roles/haproxy-config/templates/haproxy_single_service_split.cfg.j2:92–111
B38: ДКБ-С-02 | C38: Сертификаты должны быть выпущены УЦ банка. Должен быть реализован механизм проверки их по спискам отзыва (OCSP/CRL) | D38: https://jira.sberbank.ru/browse/CRPLTFRM-37124 | E38: =IF(EXACT(IFERROR(VLOOKUP(B38,' Первый релиз (05.08)'!$A$1:$A$96,1,FALSE),"нет"),B38),"Да","Нет") -> Нет | F38: =IF(EXACT(IFERROR(VLOOKUP(B38,'Первый релиз (04.09)'!$A$1:$A$96,1,FALSE),"нет"),B38),"Да","Нет") -> Да | G38: ??? | J38: Вопрос к формулировке требования vs. Аутентификация по клиентскому сертификату | K38: 25 | L38: Вне объёма оценки | M38: В колонке H нет отметки «Да» для релиза 1.0. Выполнение по архиву в этой оценке не анализировалось. | N38: Исходный Excel, «Все требования», H38
B39: ДКБ-С-03 | C39: Поддержка возможности сетевой изоляции одной ВМ от другой в том числе в пределах одного сетевого сегмента. | D39: https://jira.sberbank.ru/browse/CRPLTFRM-37124 | E39: =IF(EXACT(IFERROR(VLOOKUP(B39,' Первый релиз (05.08)'!$A$1:$A$96,1,FALSE),"нет"),B39),"Да","Нет") -> Да | F39: =IF(EXACT(IFERROR(VLOOKUP(B39,'Первый релиз (04.09)'!$A$1:$A$96,1,FALSE),"нет"),B39),"Да","Нет") -> Да | G39: Да | H39: Да | K39: 29 | L39: Есть механизм | M39: Neutron Security Groups. Испытать изоляцию ВМ, включая две ВМ в одном сегменте и смену узла размещения. | N39: ansible/roles/neutron/templates/openvswitch_agent.ini.j2:13–14 ansible/roles/host-firewall/vars/catalog.yml
B40: ДКБ-С-04 | C40: Реализация возможности создать правило разграничения сетевого доступа для одного хоста. | D40: https://jira.sberbank.ru/browse/CRPLTFRM-37124 | E40: =IF(EXACT(IFERROR(VLOOKUP(B40,' Первый релиз (05.08)'!$A$1:$A$96,1,FALSE),"нет"),B40),"Да","Нет") -> Да | F40: =IF(EXACT(IFERROR(VLOOKUP(B40,'Первый релиз (04.09)'!$A$1:$A$96,1,FALSE),"нет"),B40),"Да","Нет") -> Да | G40: Да | H40: Да | K40: 31 | L40: Есть механизм | M40: Есть базовые фильтры ВМ и host firewall. Проверить создание правила для отдельного узла в согласованном контуре. | N40: ansible/roles/neutron/templates/openvswitch_agent.ini.j2:13–14 ansible/roles/host-firewall/vars/catalog.yml
B41: ДКБ-С-05 | C41: Реализация возможности создать правило разграничения сетевого доступа для группы хостов. | D41: https://jira.sberbank.ru/browse/CRPLTFRM-37124 | E41: =IF(EXACT(IFERROR(VLOOKUP(B41,' Первый релиз (05.08)'!$A$1:$A$96,1,FALSE),"нет"),B41),"Да","Нет") -> Да | F41: =IF(EXACT(IFERROR(VLOOKUP(B41,'Первый релиз (04.09)'!$A$1:$A$96,1,FALSE),"нет"),B41),"Да","Нет") -> Да | G41: Да | H41: Да | K41: 32 | L41: Частично | M41: Есть Security Groups и группы inventory. Подтвердить требуемую групповую операцию без смешения правил ВМ и узлов инфраструктуры. | N41: ansible/roles/neutron/templates/openvswitch_agent.ini.j2:13–14 ansible/roles/host-firewall/vars/catalog.yml
B42: ДКБ-С-06 | C42: Реализация возможности создать правило разграничения сетевого доступа для одного хоста и конкретного сетевого интерфейса. | D42: https://jira.sberbank.ru/browse/CRPLTFRM-37124 | E42: =IF(EXACT(IFERROR(VLOOKUP(B42,' Первый релиз (05.08)'!$A$1:$A$96,1,FALSE),"нет"),B42),"Да","Нет") -> Да | F42: =IF(EXACT(IFERROR(VLOOKUP(B42,'Первый релиз (04.09)'!$A$1:$A$96,1,FALSE),"нет"),B42),"Да","Нет") -> Да | G42: Да | H42: Да | K42: 33 | L42: Есть механизм | M42: Security Groups применяются к портам ВМ. Проверить конкретный интерфейс и независимость правил других интерфейсов. | N42: ansible/roles/neutron/templates/openvswitch_agent.ini.j2:13–14 ansible/roles/host-firewall/vars/catalog.yml
B43: ДКБ-С-07 | C43: Реализация возможности создать правило разграничения сетевого доступа для группы хостов и конкретных сетевых интерфейсов на них. | D43: https://jira.sberbank.ru/browse/CRPLTFRM-37124 | E43: =IF(EXACT(IFERROR(VLOOKUP(B43,' Первый релиз (05.08)'!$A$1:$A$96,1,FALSE),"нет"),B43),"Да","Нет") -> Да | F43: =IF(EXACT(IFERROR(VLOOKUP(B43,'Первый релиз (04.09)'!$A$1:$A$96,1,FALSE),"нет"),B43),"Да","Нет") -> Да | G43: Да | H43: Да | K43: 34 | L43: Частично | M43: Базовая фильтрация есть. Испытать применение правила ко всем нужным интерфейсам выбранной группы узлов. | N43: ansible/roles/neutron/templates/openvswitch_agent.ini.j2:13–14 ansible/roles/host-firewall/vars/catalog.yml
B44: ДКБ-С-08 | C44: Реализация возможности просмотра правила разграничения сетевого доступа для одного хоста. | D44: https://jira.sberbank.ru/browse/CRPLTFRM-37124 | E44: =IF(EXACT(IFERROR(VLOOKUP(B44,' Первый релиз (05.08)'!$A$1:$A$96,1,FALSE),"нет"),B44),"Да","Нет") -> Да | F44: =IF(EXACT(IFERROR(VLOOKUP(B44,'Первый релиз (04.09)'!$A$1:$A$96,1,FALSE),"нет"),B44),"Да","Нет") -> Да | G44: Да | H44: Да | K44: 35 | L44: Частично | M44: Есть отчёт host firewall. Проверить просмотр эффективных правил отдельного узла в целевом API/UI. | N44: ansible/action_plugins/kolla_firewall_admission.py ansible/roles/host-firewall/tasks/
B45: ДКБ-С-09 | C45: Реализация возможности просмотра правила разграничения сетевого доступа для группы хостов. | D45: https://jira.sberbank.ru/browse/CRPLTFRM-37124 | E45: =IF(EXACT(IFERROR(VLOOKUP(B45,' Первый релиз (05.08)'!$A$1:$A$96,1,FALSE),"нет"),B45),"Да","Нет") -> Да | F45: =IF(EXACT(IFERROR(VLOOKUP(B45,'Первый релиз (04.09)'!$A$1:$A$96,1,FALSE),"нет"),B45),"Да","Нет") -> Да | G45: Да | H45: Да | K45: 36 | L45: Частично | M45: Есть отчёт по inventory. Проверить групповой просмотр с однозначной привязкой каждого правила к узлу. | N45: ansible/action_plugins/kolla_firewall_admission.py ansible/roles/host-firewall/tasks/
B46: ДКБ-С-10 | C46: Реализация возможности отключения правил разграничения доступа для одного хоста. | D46: https://jira.sberbank.ru/browse/CRPLTFRM-37124 | E46: =IF(EXACT(IFERROR(VLOOKUP(B46,' Первый релиз (05.08)'!$A$1:$A$96,1,FALSE),"нет"),B46),"Да","Нет") -> Да | F46: =IF(EXACT(IFERROR(VLOOKUP(B46,'Первый релиз (04.09)'!$A$1:$A$96,1,FALSE),"нет"),B46),"Да","Нет") -> Да | G46: Да | H46: Да | K46: 37 | L46: Не подтверждено | M46: Откат firewall не доказывает отключение отдельного правила с сохранением его определения. Нужен целевой сценарий. | N46: ansible/action_plugins/kolla_firewall_admission.py ansible/roles/host-firewall/tasks/
B47: ДКБ-С-11 | C47: Реализация возможности отключения правил разграничения доступа для группы хостов. | D47: https://jira.sberbank.ru/browse/CRPLTFRM-37124 | E47: =IF(EXACT(IFERROR(VLOOKUP(B47,' Первый релиз (05.08)'!$A$1:$A$96,1,FALSE),"нет"),B47),"Да","Нет") -> Да | F47: =IF(EXACT(IFERROR(VLOOKUP(B47,'Первый релиз (04.09)'!$A$1:$A$96,1,FALSE),"нет"),B47),"Да","Нет") -> Да | G47: Да | H47: Да | K47: 38 | L47: Не подтверждено | M47: Проверить групповое отключение правил с сохранением определений. Наличие rollback не закрывает этот сценарий. | N47: ansible/action_plugins/kolla_firewall_admission.py ansible/roles/host-firewall/tasks/
B48: ДКБ-С-12 | C48: Реализация возможности объединения различных ВМ в группы с разграничением доступа (поддержка вложенных групп и темпоральных групп, членство в которых определяется временем/датой). | D48: https://jira.sberbank.ru/browse/CRPLTFRM-37124 | E48: =IF(EXACT(IFERROR(VLOOKUP(B48,' Первый релиз (05.08)'!$A$1:$A$96,1,FALSE),"нет"),B48),"Да","Нет") -> Нет | F48: =IF(EXACT(IFERROR(VLOOKUP(B48,'Первый релиз (04.09)'!$A$1:$A$96,1,FALSE),"нет"),B48),"Да","Нет") -> Да | G48: Нет | K48: 39 | L48: Вне объёма оценки | M48: В колонке H нет отметки «Да» для релиза 1.0. Выполнение по архиву в этой оценке не анализировалось. | N48: Исходный Excel, «Все требования», H48
B49: ДКБ-С-13 | C49: Реализация возможности разрешать или ограничивать сетевое взаимодействие между двумя узлами без привязки к сетевым портам TCP/UDP. | D49: https://jira.sberbank.ru/browse/CRPLTFRM-37124 | E49: =IF(EXACT(IFERROR(VLOOKUP(B49,' Первый релиз (05.08)'!$A$1:$A$96,1,FALSE),"нет"),B49),"Да","Нет") -> Да | F49: =IF(EXACT(IFERROR(VLOOKUP(B49,'Первый релиз (04.09)'!$A$1:$A$96,1,FALSE),"нет"),B49),"Да","Нет") -> Да | G49: Да | H49: Да | K49: 40 | L49: Частично | M49: Испытать разрешение/запрет обмена между двумя узлами независимо от TCP/UDP-портов. | N49: ansible/roles/neutron/templates/openvswitch_agent.ini.j2:13–14 ansible/roles/host-firewall/vars/catalog.yml
B50: ДКБ-С-14 | C50: Реализация возможности разрешать или ограничивать сетевое взаимодействие между группами узлов без привязки к сетевым портам TCP/UDP. | D50: https://jira.sberbank.ru/browse/CRPLTFRM-37124 | E50: =IF(EXACT(IFERROR(VLOOKUP(B50,' Первый релиз (05.08)'!$A$1:$A$96,1,FALSE),"нет"),B50),"Да","Нет") -> Да | F50: =IF(EXACT(IFERROR(VLOOKUP(B50,'Первый релиз (04.09)'!$A$1:$A$96,1,FALSE),"нет"),B50),"Да","Нет") -> Да | G50: Да | H50: Да | K50: 41 | L50: Частично | M50: Испытать разрешение/запрет обмена между группами узлов независимо от TCP/UDP-портов. | N50: ansible/roles/neutron/templates/openvswitch_agent.ini.j2:13–14 ansible/roles/host-firewall/vars/catalog.yml
B51: ДКБ-С-15 | C51: Реализация возможности разрешать или ограничивать сетевое взаимодействие между ВМ по определенным сетевым портам TCP/UDP. | D51: https://jira.sberbank.ru/browse/CRPLTFRM-37124 | E51: =IF(EXACT(IFERROR(VLOOKUP(B51,' Первый релиз (05.08)'!$A$1:$A$96,1,FALSE),"нет"),B51),"Да","Нет") -> Да | F51: =IF(EXACT(IFERROR(VLOOKUP(B51,'Первый релиз (04.09)'!$A$1:$A$96,1,FALSE),"нет"),B51),"Да","Нет") -> Да | G51: Да | H51: Да | K51: 42 | L51: Есть механизм | M51: Есть фильтрация TCP/UDP-портов. Проверить положительные и отрицательные сценарии на ВМ. | N51: ansible/roles/neutron/templates/openvswitch_agent.ini.j2:13–14 ansible/roles/host-firewall/vars/catalog.yml
B52: ДКБ-С-16 | C52: Реализация возможности разрешать или ограничивать сетевое взаимодействие по определенным сетевым протоколам. | D52: https://jira.sberbank.ru/browse/CRPLTFRM-37124 | E52: =IF(EXACT(IFERROR(VLOOKUP(B52,' Первый релиз (05.08)'!$A$1:$A$96,1,FALSE),"нет"),B52),"Да","Нет") -> Нет | F52: =IF(EXACT(IFERROR(VLOOKUP(B52,'Первый релиз (04.09)'!$A$1:$A$96,1,FALSE),"нет"),B52),"Да","Нет") -> Да | G52: Да | H52: Да | K52: 43 | L52: Есть механизм | M52: Есть базовая фильтрация. Проверить требуемый набор сетевых протоколов, включая нетиповые для TCP/UDP. | N52: ansible/roles/neutron/templates/openvswitch_agent.ini.j2:13–14 ansible/roles/host-firewall/vars/catalog.yml
B53: ДКБ-С-17 | C53: Реализация возможности ограничивать время действия примененных правил сегментирования. | D53: https://jira.sberbank.ru/browse/CRPLTFRM-37124 | E53: =IF(EXACT(IFERROR(VLOOKUP(B53,' Первый релиз (05.08)'!$A$1:$A$96,1,FALSE),"нет"),B53),"Да","Нет") -> Нет | F53: =IF(EXACT(IFERROR(VLOOKUP(B53,'Первый релиз (04.09)'!$A$1:$A$96,1,FALSE),"нет"),B53),"Да","Нет") -> Нет | G53: Нет | K53: 44 | L53: Вне объёма оценки | M53: В колонке H нет отметки «Да» для релиза 1.0. Выполнение по архиву в этой оценке не анализировалось. | N53: Исходный Excel, «Все требования», H53
B54: ДКБ-С-18 | C54: Реализация возможности применять правила сегментирования в определенное время, ежедневно, еженедельно, ежемесячно. | D54: https://jira.sberbank.ru/browse/CRPLTFRM-37124 | E54: =IF(EXACT(IFERROR(VLOOKUP(B54,' Первый релиз (05.08)'!$A$1:$A$96,1,FALSE),"нет"),B54),"Да","Нет") -> Нет | F54: =IF(EXACT(IFERROR(VLOOKUP(B54,'Первый релиз (04.09)'!$A$1:$A$96,1,FALSE),"нет"),B54),"Да","Нет") -> Нет | G54: Нет | K54: 45 | L54: Вне объёма оценки | M54: В колонке H нет отметки «Да» для релиза 1.0. Выполнение по архиву в этой оценке не анализировалось. | N54: Исходный Excel, «Все требования», H54
B55: ДКБ-С-19 | C55: Реализация поддержки IPv6 | D55: https://jira.sberbank.ru/browse/CRPLTFRM-37124 | E55: =IF(EXACT(IFERROR(VLOOKUP(B55,' Первый релиз (05.08)'!$A$1:$A$96,1,FALSE),"нет"),B55),"Да","Нет") -> Да | F55: =IF(EXACT(IFERROR(VLOOKUP(B55,'Первый релиз (04.09)'!$A$1:$A$96,1,FALSE),"нет"),B55),"Да","Нет") -> Да | G55: Да | H55: Да | K55: 127 | L55: Не подтверждено | M55: Поддержку адресации IPv6 нельзя приравнивать к испытанной фильтрации. Нужны разрешённые и запрещённые IPv6-потоки. | N55: ansible/roles/neutron/templates/openvswitch_agent.ini.j2:13–14 ansible/roles/host-firewall/vars/catalog.yml
B56: ДКБ-С-20 | C56: Реализация фильтрации по URL и FQDN (L7-политики) | D56: https://jira.sberbank.ru/browse/CRPLTFRM-37124 | E56: =IF(EXACT(IFERROR(VLOOKUP(B56,' Первый релиз (05.08)'!$A$1:$A$96,1,FALSE),"нет"),B56),"Да","Нет") -> Нет | F56: =IF(EXACT(IFERROR(VLOOKUP(B56,'Первый релиз (04.09)'!$A$1:$A$96,1,FALSE),"нет"),B56),"Да","Нет") -> Нет | G56: Нет | K56: 128 | L56: Вне объёма оценки | M56: В колонке H нет отметки «Да» для релиза 1.0. Выполнение по архиву в этой оценке не анализировалось. | N56: Исходный Excel, «Все требования», H56
B57: ДКБ-С-21 | C57: Реализация тегов идентификационной модели безопасности Identity-Based Access Control (IBAC) для динамического формирования групп безопасности | D57: https://jira.sberbank.ru/browse/CRPLTFRM-37127 | E57: =IF(EXACT(IFERROR(VLOOKUP(B57,' Первый релиз (05.08)'!$A$1:$A$96,1,FALSE),"нет"),B57),"Да","Нет") -> Нет | F57: =IF(EXACT(IFERROR(VLOOKUP(B57,'Первый релиз (04.09)'!$A$1:$A$96,1,FALSE),"нет"),B57),"Да","Нет") -> Нет | G57: Нет | K57: 129 | L57: Вне объёма оценки | M57: В колонке H нет отметки «Да» для релиза 1.0. Выполнение по архиву в этой оценке не анализировалось. | N57: Исходный Excel, «Все требования», H57
B58: ДКБ-С-22 | C58: Реализация динамических групп безопасности (Dynamic Security Groups) для наполнения атрибутами: имена ВМ, теги, операционная система | D58: https://jira.sberbank.ru/browse/CRPLTFRM-37127 | E58: =IF(EXACT(IFERROR(VLOOKUP(B58,' Первый релиз (05.08)'!$A$1:$A$96,1,FALSE),"нет"),B58),"Да","Нет") -> Нет | F58: =IF(EXACT(IFERROR(VLOOKUP(B58,'Первый релиз (04.09)'!$A$1:$A$96,1,FALSE),"нет"),B58),"Да","Нет") -> Нет | G58: Нет | K58: 130 | L58: Вне объёма оценки | M58: В колонке H нет отметки «Да» для релиза 1.0. Выполнение по архиву в этой оценке не анализировалось. | N58: Исходный Excel, «Все требования», H58
B59: ДКБ-С-23 | C59: Реализация API для интеграции с внешними системами (МETA/SberNAO) | D59: https://jira.sberbank.ru/browse/CRPLTFRM-37127 | E59: =IF(EXACT(IFERROR(VLOOKUP(B59,' Первый релиз (05.08)'!$A$1:$A$96,1,FALSE),"нет"),B59),"Да","Нет") -> Нет | F59: =IF(EXACT(IFERROR(VLOOKUP(B59,'Первый релиз (04.09)'!$A$1:$A$96,1,FALSE),"нет"),B59),"Да","Нет") -> Да | G59: Да | H59: Да | J59: В рамках релиза "Микросегментация" | K59: 131 | L59: Не подтверждено; конфликт объёма | M59: API-интеграция META/SberNAO не установлена. H59=Да, но J59 относит пункт к релизу «Микросегментация». | N59: ansible/action_plugins/kolla_firewall_admission.py ansible/roles/host-firewall/tasks/
B60: ДКБ-С-24 | C60: Реализация сохранения политик Overlay-сети (VXLAN и/или Geneve c EVPN control plane) | D60: https://jira.sberbank.ru/browse/CRPLTFRM-37127 | E60: =IF(EXACT(IFERROR(VLOOKUP(B60,' Первый релиз (05.08)'!$A$1:$A$96,1,FALSE),"нет"),B60),"Да","Нет") -> Нет | F60: =IF(EXACT(IFERROR(VLOOKUP(B60,'Первый релиз (04.09)'!$A$1:$A$96,1,FALSE),"нет"),B60),"Да","Нет") -> Нет | G60: Нет | K60: 132 | L60: Вне объёма оценки | M60: В колонке H нет отметки «Да» для релиза 1.0. Выполнение по архиву в этой оценке не анализировалось. | N60: Исходный Excel, «Все требования», H60
B61: ДКБ-С-25 | C61: Реализация возможности применения новых политик в режиме наблюдения без блокировки трафика для анализа их влияния на бизнес-сервисы перед включением | D61: https://jira.sberbank.ru/browse/CRPLTFRM-37127 | E61: =IF(EXACT(IFERROR(VLOOKUP(B61,' Первый релиз (05.08)'!$A$1:$A$96,1,FALSE),"нет"),B61),"Да","Нет") -> Нет | F61: =IF(EXACT(IFERROR(VLOOKUP(B61,'Первый релиз (04.09)'!$A$1:$A$96,1,FALSE),"нет"),B61),"Да","Нет") -> Нет | G61: Нет | K61: 133 | L61: Вне объёма оценки | M61: В колонке H нет отметки «Да» для релиза 1.0. Выполнение по архиву в этой оценке не анализировалось. | N61: Исходный Excel, «Все требования», H61
B62: ДКБ-С-26 | C62: Реализация возможности обнаружения конфликтов и избыточности (API-доступный механизм семантического анализа политик для обнаружения противоречий (conflict detection) и избыточных разрешений (redundancy detection) | D62: https://jira.sberbank.ru/browse/CRPLTFRM-37127 | E62: =IF(EXACT(IFERROR(VLOOKUP(B62,' Первый релиз (05.08)'!$A$1:$A$96,1,FALSE),"нет"),B62),"Да","Нет") -> Нет | F62: =IF(EXACT(IFERROR(VLOOKUP(B62,'Первый релиз (04.09)'!$A$1:$A$96,1,FALSE),"нет"),B62),"Да","Нет") -> Нет | G62: Нет | K62: 134 | L62: Вне объёма оценки | M62: В колонке H нет отметки «Да» для релиза 1.0. Выполнение по архиву в этой оценке не анализировалось. | N62: Исходный Excel, «Все требования», H62
B63: ДКБ-С-27 | C63: Реализация встроенного симулятора прохождения пакета с поддержкой Identity (меток), FQDN и L7-параметров для пошаговой эмуляции и диагностики политик (аналог пакетного трассировщика) | D63: https://jira.sberbank.ru/browse/CRPLTFRM-37127 | E63: =IF(EXACT(IFERROR(VLOOKUP(B63,' Первый релиз (05.08)'!$A$1:$A$96,1,FALSE),"нет"),B63),"Да","Нет") -> Нет | F63: =IF(EXACT(IFERROR(VLOOKUP(B63,'Первый релиз (04.09)'!$A$1:$A$96,1,FALSE),"нет"),B63),"Да","Нет") -> Нет | G63: Нет | K63: 135 | L63: Вне объёма оценки | M63: В колонке H нет отметки «Да» для релиза 1.0. Выполнение по архиву в этой оценке не анализировалось. | N63: Исходный Excel, «Все требования», H63
B64: ДКБ-С-28 | C64: Реализация поддержки жизненного цикла и хранения политик через DevOps (интеграция с системами Банка, например GitOps, Terraform, Ansible). | D64: https://jira.sberbank.ru/browse/CRPLTFRM-37127 | E64: =IF(EXACT(IFERROR(VLOOKUP(B64,' Первый релиз (05.08)'!$A$1:$A$96,1,FALSE),"нет"),B64),"Да","Нет") -> Да | F64: =IF(EXACT(IFERROR(VLOOKUP(B64,'Первый релиз (04.09)'!$A$1:$A$96,1,FALSE),"нет"),B64),"Да","Нет") -> Да | G64: Да | H64: Да | K64: 136 | L64: Частично | M64: Есть Ansible и планирование/откат firewall. Интеграция жизненного цикла политик с DevOps банка требует подтверждения. | N64: ansible/action_plugins/kolla_firewall_admission.py ansible/roles/host-firewall/tasks/
B65: ДКБ-С-29 | C65: Реализация отказоустойчивого распределённого кэша состояния соединений (stateful session table) с репликацией между узлами кластера для сохранения отслеживания сессий при отказе узла | D65: https://jira.sberbank.ru/browse/CRPLTFRM-37127 | E65: =IF(EXACT(IFERROR(VLOOKUP(B65,' Первый релиз (05.08)'!$A$1:$A$96,1,FALSE),"нет"),B65),"Да","Нет") -> Нет | F65: =IF(EXACT(IFERROR(VLOOKUP(B65,'Первый релиз (04.09)'!$A$1:$A$96,1,FALSE),"нет"),B65),"Да","Нет") -> Нет | G65: Нет | K65: 137 | L65: Вне объёма оценки | M65: В колонке H нет отметки «Да» для релиза 1.0. Выполнение по архиву в этой оценке не анализировалось. | N65: Исходный Excel, «Все требования», H65
B66: ДКБ-С-30 | C66: Реализация возможности передачи событий работы правил и аудита действий над политикой доступа во внешнею SIEM систему | D66: https://jira.sberbank.ru/browse/CRPLTFRM-37127 | E66: =IF(EXACT(IFERROR(VLOOKUP(B66,' Первый релиз (05.08)'!$A$1:$A$96,1,FALSE),"нет"),B66),"Да","Нет") -> Да | F66: =IF(EXACT(IFERROR(VLOOKUP(B66,'Первый релиз (04.09)'!$A$1:$A$96,1,FALSE),"нет"),B66),"Да","Нет") -> Да | G66: Да | H66: Да | K66: 138 | L66: Частично | M66: Есть API-аудит сетевых объектов. Не подтверждены события срабатывания каждого правила и полный поток во внешнюю SIEM банка. | N66: ansible/roles/common/templates/security-audit-api-map.conf.j2 ansible/roles/common/files/security-audit-normalizer.py:184–272
B67: ДКБ-С-31 | C67: Интерфейсы управления должны быть выделены в отдельную VLAN сеть. | D67: https://jira.sberbank.ru/browse/CRPLTFRM-37127 | E67: =IF(EXACT(IFERROR(VLOOKUP(B67,' Первый релиз (05.08)'!$A$1:$A$96,1,FALSE),"нет"),B67),"Да","Нет") -> Да | F67: =IF(EXACT(IFERROR(VLOOKUP(B67,'Первый релиз (04.09)'!$A$1:$A$96,1,FALSE),"нет"),B67),"Да","Нет") -> Да | G67: Да | H67: Да | K67: 46 | L67: Не подтверждено | M67: Раздельные интерфейсные переменные не доказывают отдельную management VLAN. Нужны фактическая схема и проверки связности. | N67: ansible/roles/neutron/templates/openvswitch_agent.ini.j2:13–14 ansible/roles/host-firewall/vars/catalog.yml
B68: ДКБ-С-32 | C68: Должны быть описаны все порты, используемые для взаимодействия внутренних компонентов, и порты внешних подключений (административный доступ) для настроек файервола | D68: https://jira.sberbank.ru/browse/CRPLTFRM-37127 | E68: =IF(EXACT(IFERROR(VLOOKUP(B68,' Первый релиз (05.08)'!$A$1:$A$96,1,FALSE),"нет"),B68),"Да","Нет") -> Да | F68: =IF(EXACT(IFERROR(VLOOKUP(B68,'Первый релиз (04.09)'!$A$1:$A$96,1,FALSE),"нет"),B68),"Да","Нет") -> Да | G68: Да | H68: Да | K68: 50* | L68: Частично; пробел | M68: В каталоге нет QEMU-диапазона live migration; libvirt описан через api при привязке к migration. Исправление описано в LIVE_MIGRATION_FIREWALL_MINIMAL_FIX.md, в архив не внесено. | N68: ansible/roles/host-firewall/vars/catalog.yml:507–540 ansible/roles/nova-cell/templates/libvirtd.conf.j2:23
B69: ДКБ-С-33 | C69: В целях обеспечения удаленного доступа пользователей с использованием сетей связи общего пользования к средству виртуализации должны применяться средства криптографической защиты информации, прошедшие процедуру оценки соответствия в соответствии с законодательством Российской Федерации. | D69: https://jira.sberbank.ru/browse/CRPLTFRM-37127 | E69: =IF(EXACT(IFERROR(VLOOKUP(B69,' Первый релиз (05.08)'!$A$1:$A$96,1,FALSE),"нет"),B69),"Да","Нет") -> Да | F69: =IF(EXACT(IFERROR(VLOOKUP(B69,'Первый релиз (04.09)'!$A$1:$A$96,1,FALSE),"нет"),B69),"Да","Нет") -> Нет | G69: ??? | J69: Требование не к продукту | K69: 139 | L69: Вне объёма оценки | M69: В колонке H нет отметки «Да» для релиза 1.0. Выполнение по архиву в этой оценке не анализировалось. | N69: Исходный Excel, «Все требования», H69
B70: Требования к реализации аудита (ПКБ) должно быть согласовано с УЭК и ЦКЗ
B71: ДКБ-ПКБ-01 | C71: Возможность передачи логов, событий безопасности во внешние системы. | D71: https://jira.sberbank.ru/browse/CRPLTFRM-37127 | E71: =IF(EXACT(IFERROR(VLOOKUP(B71,' Первый релиз (05.08)'!$A$1:$A$96,1,FALSE),"нет"),B71),"Да","Нет") -> Да | F71: =IF(EXACT(IFERROR(VLOOKUP(B71,'Первый релиз (04.09)'!$A$1:$A$96,1,FALSE),"нет"),B71),"Да","Нет") -> Нет | G71: Да | H71: Да | K71: 51 | L71: Частично | M71: Есть отправка Fluentd в OpenSearch. Совместимость и приём событий внешним сервисом банка не испытаны. | N71: ansible/roles/common/templates/conf/output/02-security-audit.conf.j2 ansible/roles/opensearch/defaults/main.yml:14–20, 63
B72: ДКБ-ПКБ-02 | C72: Реализация возможности передачи событий аудита компонентов ПВ в централизованный сервис аудита с использованием брокера сообщений/http, с поддержкой защищенного авторизованного соединения. | D72: https://jira.sberbank.ru/browse/CRPLTFRM-37127 | E72: =IF(EXACT(IFERROR(VLOOKUP(B72,' Первый релиз (05.08)'!$A$1:$A$96,1,FALSE),"нет"),B72),"Да","Нет") -> Да | F72: =IF(EXACT(IFERROR(VLOOKUP(B72,'Первый релиз (04.09)'!$A$1:$A$96,1,FALSE),"нет"),B72),"Да","Нет") -> Нет | G72: Да | H72: Да | K72: 52 | L72: Частично; разрыв | M72: Есть авторизация и TLS-настройки. По defaults до VIP используется HTTP, backend OpenSearch — TLS verify none. Проверить защищённый маршрут целиком. | N72: ansible/roles/common/templates/conf/output/02-security-audit.conf.j2 ansible/roles/opensearch/defaults/main.yml:14–20, 63
B73: ДКБ-ПКБ-03 | C73: Реализация функции запрета на отключение передачи событий в централизованный сервис аудита. | D73: https://jira.sberbank.ru/browse/CRPLTFRM-37127 | E73: =IF(EXACT(IFERROR(VLOOKUP(B73,' Первый релиз (05.08)'!$A$1:$A$96,1,FALSE),"нет"),B73),"Да","Нет") -> Да | F73: =IF(EXACT(IFERROR(VLOOKUP(B73,'Первый релиз (04.09)'!$A$1:$A$96,1,FALSE),"нет"),B73),"Да","Нет") -> Нет | G73: Да | H73: Да | K73: 53 | L73: Разрыв | M73: Флаг enable_security_audit=false отключает ветки аудита и вспомогательные процессы. Неотключаемый профиль передачи событий не установлен. | N73: ansible/roles/common/tasks/security-audit-availability.yml:36–96 ansible/group_vars/all.yml:942
B74: ДКБ-ПКБ-04 | C74: Каждое событие аудита обязательно должно содержать следующий минимальный набор атрибутов: | D74: https://jira.sberbank.ru/browse/CRPLTFRM-37127 | E74: =IF(EXACT(IFERROR(VLOOKUP(B74,' Первый релиз (05.08)'!$A$1:$A$96,1,FALSE),"нет"),B74),"Да","Нет") -> Да | F74: =IF(EXACT(IFERROR(VLOOKUP(B74,'Первый релиз (04.09)'!$A$1:$A$96,1,FALSE),"нет"),B74),"Да","Нет") -> Нет | G74: Да | H74: Да | K74: 54 | L74: Частично | M74: Схема событий есть. Полнота обязательных атрибутов не гарантирована: action/target необязательны, допустимы NO-USER/UNKNOWN. | N74: ansible/roles/common/files/security-audit-normalizer.py:8–17, 184–272
B75: ДКБ-ПКБ-04.1 | C75: - дата и время (с точностью до секунды); | D75: https://jira.sberbank.ru/browse/CRPLTFRM-37127 | E75: =IF(EXACT(IFERROR(VLOOKUP(B75,' Первый релиз (05.08)'!$A$1:$A$96,1,FALSE),"нет"),B75),"Да","Нет") -> Да | F75: =IF(EXACT(IFERROR(VLOOKUP(B75,'Первый релиз (04.09)'!$A$1:$A$96,1,FALSE),"нет"),B75),"Да","Нет") -> Нет | G75: Да | H75: Да | K75: 54 | L75: Есть механизм | M75: Время нормализуется до секунд. Проверить время исходного события и синхронизацию часов; отсутствие времени даёт резервное значение 1970 года. | N75: ansible/roles/common/files/security-audit-normalizer.py:8–17, 184–272
B76: ДКБ-ПКБ-04.2 | C76: - идентификатор пользователя; | D76: https://jira.sberbank.ru/browse/CRPLTFRM-37127 | E76: =IF(EXACT(IFERROR(VLOOKUP(B76,' Первый релиз (05.08)'!$A$1:$A$96,1,FALSE),"нет"),B76),"Да","Нет") -> Да | F76: =IF(EXACT(IFERROR(VLOOKUP(B76,'Первый релиз (04.09)'!$A$1:$A$96,1,FALSE),"нет"),B76),"Да","Нет") -> Нет | G76: Да | H76: Да | K76: 54 | L76: Частично | M76: Есть userLogin; при нехватке данных используется NO-USER. Подтвердить идентификацию пользователя для всех применимых событий. | N76: ansible/roles/common/files/security-audit-normalizer.py:8–17, 184–272
B77: ДКБ-ПКБ-04.3 | C77: - идентификатор действия, которое привело к возникновению события; | D77: https://jira.sberbank.ru/browse/CRPLTFRM-37127 | E77: =IF(EXACT(IFERROR(VLOOKUP(B77,' Первый релиз (05.08)'!$A$1:$A$96,1,FALSE),"нет"),B77),"Да","Нет") -> Да | F77: =IF(EXACT(IFERROR(VLOOKUP(B77,'Первый релиз (04.09)'!$A$1:$A$96,1,FALSE),"нет"),B77),"Да","Нет") -> Нет | G77: Да | H77: Да | K77: 54 | L77: Частично | M77: action является необязательным полем. Проверить наличие однозначного действия для каждого обязательного типа события. | N77: ansible/roles/common/files/security-audit-normalizer.py:8–17, 184–272
B78: ДКБ-ПКБ-04.4 | C78: - наименование события и его уникальный идентификатор; | D78: https://jira.sberbank.ru/browse/CRPLTFRM-37127 | E78: =IF(EXACT(IFERROR(VLOOKUP(B78,' Первый релиз (05.08)'!$A$1:$A$96,1,FALSE),"нет"),B78),"Да","Нет") -> Да | F78: =IF(EXACT(IFERROR(VLOOKUP(B78,'Первый релиз (04.09)'!$A$1:$A$96,1,FALSE),"нет"),B78),"Да","Нет") -> Нет | G78: Да | H78: Да | K78: 54 | L78: Есть механизм | M78: Есть name и UUID события. Проверить стабильность идентификаторов при повторах и сопоставление с каталогом. | N78: ansible/roles/common/files/security-audit-normalizer.py:8–17, 184–272
B79: ДКБ-ПКБ-04.5 | C79: - результат (успешный/неуспешный); | D79: https://jira.sberbank.ru/browse/CRPLTFRM-37127 | E79: =IF(EXACT(IFERROR(VLOOKUP(B79,' Первый релиз (05.08)'!$A$1:$A$96,1,FALSE),"нет"),B79),"Да","Нет") -> Да | F79: =IF(EXACT(IFERROR(VLOOKUP(B79,'Первый релиз (04.09)'!$A$1:$A$96,1,FALSE),"нет"),B79),"Да","Нет") -> Нет | G79: Да | H79: Да | K79: 54 | L79: Есть механизм | M79: Есть success и обработка HTTP-результата. Проверить реальные успешные и неуспешные операции всех типов. | N79: ansible/roles/common/files/security-audit-normalizer.py:8–17, 184–272
B80: ДКБ-ПКБ-04.6 (опционально) | C80: - старое и новое значение (для событий изменения объекта); | D80: https://jira.sberbank.ru/browse/CRPLTFRM-37127 | E80: =IF(EXACT(IFERROR(VLOOKUP(B80,' Первый релиз (05.08)'!$A$1:$A$96,1,FALSE),"нет"),B80),"Да","Нет") -> Да | F80: =IF(EXACT(IFERROR(VLOOKUP(B80,'Первый релиз (04.09)'!$A$1:$A$96,1,FALSE),"нет"),B80),"Да","Нет") -> Нет | G80: Да | H80: Да | K80: 54 | L80: Частично; опционально | M80: Есть changedParams с oldValue/value. Передача полных старых/новых значений не доказана. Опциональность исходного пункта сохранена. | N80: ansible/roles/common/files/security-audit-normalizer.py:8–17, 184–272
B81: ДКБ-ПКБ-04.7 | C81: - идентификатор (адрес) системного компонента (компьютера), используемого для доступа к системе; | D81: https://jira.sberbank.ru/browse/CRPLTFRM-37127 | E81: =IF(EXACT(IFERROR(VLOOKUP(B81,' Первый релиз (05.08)'!$A$1:$A$96,1,FALSE),"нет"),B81),"Да","Нет") -> Да | F81: =IF(EXACT(IFERROR(VLOOKUP(B81,'Первый релиз (04.09)'!$A$1:$A$96,1,FALSE),"нет"),B81),"Да","Нет") -> Нет | G81: Да | H81: Да | K81: 54 | L81: Частично | M81: Есть module, sourceSystem, nodeId/userNode. IP/FQDN могут заменяться UNKNOWN; нужны реальные события всех источников. | N81: ansible/roles/common/files/security-audit-normalizer.py:8–17, 184–272
B82: ДКБ-ПКБ-04.8 | C82: - идентификатор (адрес) или название данных, системного компонента или ресурса, на которые повлияло указанное событие. | D82: https://jira.sberbank.ru/browse/CRPLTFRM-37127 | E82: =IF(EXACT(IFERROR(VLOOKUP(B82,' Первый релиз (05.08)'!$A$1:$A$96,1,FALSE),"нет"),B82),"Да","Нет") -> Да | F82: =IF(EXACT(IFERROR(VLOOKUP(B82,'Первый релиз (04.09)'!$A$1:$A$96,1,FALSE),"нет"),B82),"Да","Нет") -> Нет | G82: Да | H82: Да | K82: 54 | L82: Частично | M82: target является необязательным полем. Проверить ресурс назначения и его однозначный идентификатор. | N82: ansible/roles/common/files/security-audit-normalizer.py:8–17, 184–272
... B108: ДКБ-ПКБ-08 | C108: Реализация возможности доступа к данным аудита должна предоставляться только уполномоченным пользователям и только через прикладной уровень. | D108: https://jira.sberbank.ru/browse/CRPLTFRM-37127 | E108: =IF(EXACT(IFERROR(VLOOKUP(B108,' Первый релиз (05.08)'!$A$1:$A$96,1,FALSE),"нет"),B108),"Да","Нет") -> Да | F108: =IF(EXACT(IFERROR(VLOOKUP(B108,'Первый релиз (04.09)'!$A$1:$A$96,1,FALSE),"нет"),B108),"Да","Нет") -> Нет | G108: Да | H108: Да | K108: 58 | L108: Частично | M108: Есть Security Plugin и роли. Проверить эффективные права и отсутствие обходного доступа к аудиту вне приложения. | N108: ansible/roles/opensearch/defaults/main.yml:407–424, 457–467
B109: ДКБ-ПКБ-09 | C109: Должна быть исключена возможность удаления информации о субъектах доступа, зарегистрированных в ПВ, в том числе заблокированных. | D109: https://jira.sberbank.ru/browse/CRPLTFRM-37127 | E109: =IF(EXACT(IFERROR(VLOOKUP(B109,' Первый релиз (05.08)'!$A$1:$A$96,1,FALSE),"нет"),B109),"Да","Нет") -> Нет | F109: =IF(EXACT(IFERROR(VLOOKUP(B109,'Первый релиз (04.09)'!$A$1:$A$96,1,FALSE),"нет"),B109),"Да","Нет") -> Нет | G109: ??? | J109: По аналогии с AD | K109: 59 | L109: Вне объёма оценки | M109: В колонке H нет отметки «Да» для релиза 1.0. Выполнение по архиву в этой оценке не анализировалось. | N109: Исходный Excel, «Все требования», H109
B110: ДКБ-ПКБ-10 | C110: Средство виртуализации должно выполнять действия, являющиеся реакцией на события безопасности, самостоятельно или с применением сертифицированных средств защиты информации. | D110: https://jira.sberbank.ru/browse/CRPLTFRM-37127 | E110: =IF(EXACT(IFERROR(VLOOKUP(B110,' Первый релиз (05.08)'!$A$1:$A$96,1,FALSE),"нет"),B110),"Да","Нет") -> Нет | F110: =IF(EXACT(IFERROR(VLOOKUP(B110,'Первый релиз (04.09)'!$A$1:$A$96,1,FALSE),"нет"),B110),"Да","Нет") -> Да | G110: Да | H110: Да | K110: 140 | L110: Не подтверждено | M110: Оповещения/контроль доступности не доказывают весь сценарий реакции на события безопасности. Нужен протокол реакции. | N110: Исходный Excel; отдельные документы и протоколы не представлены
B111: ДКБ-ПКБ-11 | C111: Регистрация событий безопасности в средстве виртуализации должна осуществляться с учетом разделов 3 - 6 ГОСТ Р 59548-2022 "Защита информации. Регистрация событий безопасности. Требования к регистрируемой информации". | D111: https://jira.sberbank.ru/browse/CRPLTFRM-37127 | E111: =IF(EXACT(IFERROR(VLOOKUP(B111,' Первый релиз (05.08)'!$A$1:$A$96,1,FALSE),"нет"),B111),"Да","Нет") -> Да | F111: =IF(EXACT(IFERROR(VLOOKUP(B111,'Первый релиз (04.09)'!$A$1:$A$96,1,FALSE),"нет"),B111),"Да","Нет") -> Нет | G111: ??? | J111: См. требование ФСТЭК | K111: 141 | L111: Вне объёма оценки | M111: В колонке H нет отметки «Да» для релиза 1.0. Выполнение по архиву в этой оценке не анализировалось. | N111: Исходный Excel, «Все требования», H111
B112: ДКБ-ПКБ-12 | C112: Журнал событий безопасности средства виртуализации должен быть доступен только для чтения. При исчерпании области памяти, отведенной под журнал событий безопасности средства виртуализации, должно осуществляться архивирование журнала с последующей очисткой высвобождаемой области памяти. | D112: https://jira.sberbank.ru/browse/CRPLTFRM-37127 | E112: =IF(EXACT(IFERROR(VLOOKUP(B112,' Первый релиз (05.08)'!$A$1:$A$96,1,FALSE),"нет"),B112),"Да","Нет") -> Нет | F112: =IF(EXACT(IFERROR(VLOOKUP(B112,'Первый релиз (04.09)'!$A$1:$A$96,1,FALSE),"нет"),B112),"Да","Нет") -> Нет | G112: Нет | K112: 142 | L112: Вне объёма оценки | M112: В колонке H нет отметки «Да» для релиза 1.0. Выполнение по архиву в этой оценке не анализировалось. | N112: Исходный Excel, «Все требования», H112
B113: ДКБ-ПКБ-13 | C113: В средстве виртуализации для регистрируемых событий безопасности в каждой записи журнала событий безопасности дополнительно должно регистрироваться описание события безопасности, включающее сведения о его важности. | D113: https://jira.sberbank.ru/browse/CRPLTFRM-37127 | E113: =IF(EXACT(IFERROR(VLOOKUP(B113,' Первый релиз (05.08)'!$A$1:$A$96,1,FALSE),"нет"),B113),"Да","Нет") -> Нет | F113: =IF(EXACT(IFERROR(VLOOKUP(B113,'Первый релиз (04.09)'!$A$1:$A$96,1,FALSE),"нет"),B113),"Да","Нет") -> Нет | G113: Нет | K113: 143 | L113: Вне объёма оценки | M113: В колонке H нет отметки «Да» для релиза 1.0. Выполнение по архиву в этой оценке не анализировалось. | N113: Исходный Excel, «Все требования», H113
B114: ДКБ-ПКБ-14 | C114: В средстве виртуализации должно обеспечиваться резервное копирование сведений о событиях безопасности | D114: https://jira.sberbank.ru/browse/CRPLTFRM-37127 | E114: =IF(EXACT(IFERROR(VLOOKUP(B114,' Первый релиз (05.08)'!$A$1:$A$96,1,FALSE),"нет"),B114),"Да","Нет") -> Нет | F114: =IF(EXACT(IFERROR(VLOOKUP(B114,'Первый релиз (04.09)'!$A$1:$A$96,1,FALSE),"нет"),B114),"Да","Нет") -> Нет | G114: Нет | K114: 144 | L114: Вне объёма оценки | M114: В колонке H нет отметки «Да» для релиза 1.0. Выполнение по архиву в этой оценке не анализировалось. | N114: Исходный Excel, «Все требования», H114
B115: ДКБ-ПКБ-15 | C115: Средство виртуализации должно обеспечивать чтение записей о событиях безопасности, формирование отчетов с учетом заданных критериев отбора, выгрузку (экспорт) данных из журнала событий безопасности средства виртуализации. | D115: https://jira.sberbank.ru/browse/CRPLTFRM-37127 | E115: =IF(EXACT(IFERROR(VLOOKUP(B115,' Первый релиз (05.08)'!$A$1:$A$96,1,FALSE),"нет"),B115),"Да","Нет") -> Да | F115: =IF(EXACT(IFERROR(VLOOKUP(B115,'Первый релиз (04.09)'!$A$1:$A$96,1,FALSE),"нет"),B115),"Да","Нет") -> Нет | G115: Да | H115: Да | K115: 145 | L115: Частично | M115: Есть роль чтения/Dashboards. Проверить отбор, отчёты и экспорт именно под целевой ролью. | N115: ansible/roles/opensearch/defaults/main.yml:407–424, 457–467
B116: ДКБ-ПКБ-16 | C116: ПВ должна обеспечивать технологическую совместимость с EDR-агентом BI.ZONE | D116: https://jira.sberbank.ru/browse/CRPLTFRM-37127 | E116: =IF(EXACT(IFERROR(VLOOKUP(B116,' Первый релиз (05.08)'!$A$1:$A$96,1,FALSE),"нет"),B116),"Да","Нет") -> Да | F116: =IF(EXACT(IFERROR(VLOOKUP(B116,'Первый релиз (04.09)'!$A$1:$A$96,1,FALSE),"нет"),B116),"Да","Нет") -> Нет | G116: Да | H116: Да | K116: 146 | L116: Не подтверждено | M116: Нужен протокол совместимости целевых версий продукта и BI.ZONE EDR. В архиве такое доказательство не установлено. | N116: Исходный Excel; отдельные документы и протоколы не представлены
B117: ДКБ-ЗСО-01 | C117: Интеграция с системой управления секретами Банка (SecMan). | D117: https://jira.sberbank.ru/browse/CRPLTFRM-37128 | E117: =IF(EXACT(IFERROR(VLOOKUP(B117,' Первый релиз (05.08)'!$A$1:$A$96,1,FALSE),"нет"),B117),"Да","Нет") -> Да | F117: =IF(EXACT(IFERROR(VLOOKUP(B117,'Первый релиз (04.09)'!$A$1:$A$96,1,FALSE),"нет"),B117),"Да","Нет") -> Да | G117: Да | H117: Да | K117: 63 | L117: Частично | M117: SecMan backend реализован. Подтвердить API, доверие, AppRole/ACL и работу с endpoint банка. | N117: kolla_ansible/secret_backends.py:26–57 ansible/group_vars/all.yml:1807–1813
B118: ДКБ-ЗСО-02 | C118: Реализация поддержки функции Secure Boot для ОС создаваемых ВМ. | D118: https://jira.sberbank.ru/browse/CRPLTFRM-37128 | E118: =IF(EXACT(IFERROR(VLOOKUP(B118,' Первый релиз (05.08)'!$A$1:$A$96,1,FALSE),"нет"),B118),"Да","Нет") -> Да | F118: =IF(EXACT(IFERROR(VLOOKUP(B118,'Первый релиз (04.09)'!$A$1:$A$96,1,FALSE),"нет"),B118),"Да","Нет") -> Да | G118: Да | H118: Да | K118: 66 | L118: Не подтверждено для поставки | M118: Upstream Nova поддерживает Secure Boot. Подтвердить firmware/traits, параметры гостя и загрузку в целевых образах. | N118: ansible/roles/nova-cell/templates/nova.conf.j2 https://docs.openstack.org/nova/2025.1/admin/secure-boot.html
B119: ДКБ-ЗСО-03 | C119: Реализация vTPM (virtual Trusted Platform Module). (ЦКЗ) | D119: https://jira.sberbank.ru/browse/CRPLTFRM-37128 | E119: =IF(EXACT(IFERROR(VLOOKUP(B119,' Первый релиз (05.08)'!$A$1:$A$96,1,FALSE),"нет"),B119),"Да","Нет") -> Да | F119: =IF(EXACT(IFERROR(VLOOKUP(B119,'Первый релиз (04.09)'!$A$1:$A$96,1,FALSE),"нет"),B119),"Да","Нет") -> Да | G119: Да | H119: Да | K119: 67 | L119: Не подтверждено для поставки | M119: Upstream Nova поддерживает vTPM. В Kolla-шаблонах не найден swtpm_enabled. Проверить swtpm, key manager и гостевой TPM; ограничения миграции проверить отдельно. | N119: ansible/roles/nova-cell/templates/nova.conf.j2 https://docs.openstack.org/nova/2025.1/admin/emulated-tpm.html
B120: ДКБ-ЗСО-04 | C120: Программное обеспечение ПВ должно иметь цифровые артефакты для его однозначной идентификации в целях поиска и инвентаризации ручным или автоматизированным способом. (ЦКЗ) | D120: https://jira.sberbank.ru/browse/CRPLTFRM-37128 | E120: =IF(EXACT(IFERROR(VLOOKUP(B120,' Первый релиз (05.08)'!$A$1:$A$96,1,FALSE),"нет"),B120),"Да","Нет") -> Да | F120: =IF(EXACT(IFERROR(VLOOKUP(B120,'Первый релиз (04.09)'!$A$1:$A$96,1,FALSE),"нет"),B120),"Да","Нет") -> Да | G120: Да | H120: Да | K120: 70 | L120: Частично | M120: Есть идентификация образов по digest через image lock. Нужны релизный манифест и артефакты идентификации остальных компонентов; default lock пуст. | N120: ansible/module_utils/kolla_image_lock.py:53–139 ansible/group_vars/all.yml:135–153
B121: ДКБ-ЗСО-05 | C121: Производитель должен выпускать следующие виды обновлений ПВ в целях устранения уязвимостей и обеспечения соответствия требованиям КБ: (ЦКЗ) – плановые обновления; – внеплановые (оперативные) обновления. | D121: https://jira.sberbank.ru/browse/CRPLTFRM-37128 | E121: =IF(EXACT(IFERROR(VLOOKUP(B121,' Первый релиз (05.08)'!$A$1:$A$96,1,FALSE),"нет"),B121),"Да","Нет") -> Да | F121: =IF(EXACT(IFERROR(VLOOKUP(B121,'Первый релиз (04.09)'!$A$1:$A$96,1,FALSE),"нет"),B121),"Да","Нет") -> Да | G121: Да | H121: Да | K121: 72 | L121: Частично | M121: Есть процедуры upgrade. Выпуск производителем плановых и оперативных обновлений требует подтверждения процесса и поставок. | N121: ansible/roles/nova-cell/tasks/upgrade.yml .gitlab-ci.yml; отдельные релизные артефакты не представлены
B122: ДКБ-ЗСО-06 | C122: Необходимо формировать SBOM | D122: https://jira.sberbank.ru/browse/CRPLTFRM-37128 | E122: =IF(EXACT(IFERROR(VLOOKUP(B122,' Первый релиз (05.08)'!$A$1:$A$96,1,FALSE),"нет"),B122),"Да","Нет") -> Да | F122: =IF(EXACT(IFERROR(VLOOKUP(B122,'Первый релиз (04.09)'!$A$1:$A$96,1,FALSE),"нет"),B122),"Да","Нет") -> Да | G122: Да | H122: Да | K122: 147 | L122: Не подтверждено | M122: SBOM релизных образов/компонентов и его формирование в предоставленном архиве не установлены. requirements.txt и image lock SBOM не заменяют. | N122: ansible/roles/nova-cell/tasks/upgrade.yml .gitlab-ci.yml; отдельные релизные артефакты не представлены
B123: ДКБ-ЗСО-07 | C123: Производитель должен публиковать бюллетень безопасности ПВ, доступный в виде: (ЦКЗ) – отдельных программных компонентов из состава ПВ, в которые внесены изменения с целью устранения уязвимостей, инструкций по их установке и настройке, а также информации, содержащей сведения о контрольных суммах всех файлов оперативного обновления; – обновлений безопасности, представляющих собой файл с совокупностью программных компонентов из состава ПВ, в которые внесены изменения с целью устранения уязвимостей, а также информации, содержащей сведения о контрольных суммах всех файлов обновлений безопасности, указания по установке, настройке и особенностям использования ПВ с установленными обновлениями безопасности. | D123: https://jira.sberbank.ru/browse/CRPLTFRM-37128 | E123: =IF(EXACT(IFERROR(VLOOKUP(B123,' Первый релиз (05.08)'!$A$1:$A$96,1,FALSE),"нет"),B123),"Да","Нет") -> Да | F123: =IF(EXACT(IFERROR(VLOOKUP(B123,'Первый релиз (04.09)'!$A$1:$A$96,1,FALSE),"нет"),B123),"Да","Нет") -> Нет | G123: Да | H123: Да | K123: 148* | L123: Не подтверждено | M123: Нужны опубликованные бюллетени/обновления с контрольными суммами всех файлов и инструкциями установки/настройки. | N123: ansible/roles/nova-cell/tasks/upgrade.yml .gitlab-ci.yml; отдельные релизные артефакты не представлены
B124: ДКБ-ЗСО-08 | C124: Бюллетень безопасности должен содержать: (ЦКЗ) – список устраняемых уязвимостей; – уровни критичности уязвимостей; – ссылки на первоисточник информации об уязвимостях. | D124: https://jira.sberbank.ru/browse/CRPLTFRM-37128 | E124: =IF(EXACT(IFERROR(VLOOKUP(B124,' Первый релиз (05.08)'!$A$1:$A$96,1,FALSE),"нет"),B124),"Да","Нет") -> Да | F124: =IF(EXACT(IFERROR(VLOOKUP(B124,'Первый релиз (04.09)'!$A$1:$A$96,1,FALSE),"нет"),B124),"Да","Нет") -> Нет | G124: Да | H124: Да | K124: 149* | L124: Не подтверждено | M124: Нужен бюллетень со списком уязвимостей, критичностью и ссылками на первоисточники. | N124: ansible/roles/nova-cell/tasks/upgrade.yml .gitlab-ci.yml; отдельные релизные артефакты не представлены
B125: ДКБ-ЗСО-09 | C125: Включение SELinux или AppArmor в зависимости от используемой гипервизором операционной системы. (ЦКЗ) | D125: https://jira.sberbank.ru/browse/CRPLTFRM-37128 | E125: =IF(EXACT(IFERROR(VLOOKUP(B125,' Первый релиз (05.08)'!$A$1:$A$96,1,FALSE),"нет"),B125),"Да","Нет") -> Да | F125: =IF(EXACT(IFERROR(VLOOKUP(B125,'Первый релиз (04.09)'!$A$1:$A$96,1,FALSE),"нет"),B125),"Да","Нет") -> Да | G125: Да | H125: Да | K125: 73 | L125: Есть механизм | M125: Есть SELinux-профили и проверка Enforcing. Флаг профилей по умолчанию выключен; фактический режим хостов и метки контейнеров требуют проверки. | N125: ansible/roles/selinux-profiles/tasks/enforce.yml:89–100 ansible/group_vars/all.yml:128
...

Sheet Первый релиз (04.09)
A1: № требования | B1: Формулировка | C1: Реализовано/описание
A2: ДКБ-РМ-01 | B2: Ролевая модель должна соответствовать принципу наименьших привилегий. Выдаваться должны только те права и полномочия в системе, которые необходимы для выполнения конкретной задачи. (требование к ПУЗ выдаваемый через PAM, ТУЗ) | C2: Да
A3: ДКБ-РМ-05 | B3: Использование локальных технологических учетных записей для исполнения задач пользователей и администраторов запрещено. (ЦКЗ) | C3: Да (оставить ток учетки сервисов)
A4: ДКБ-РМ-06 | B4: Запрет использования локальных учетных записей в системе. | C4: Да - настроить учетки
A5: ДКБ-РМ-07 | B5: Учетные записи по умолчанию должны быть отключены | C5: Да - настроить учетки
A6: ДКБ-А-01 | B6: Аутентификация с использованием привилегированных УЗ на компонентах ПВ должна осуществляться через АС PAM. | C6: PAM - только в horizon
A7: ДКБ-А-02 | B7: У администратора не должно быть прямого доступ к файловому хранилищу дисков виртуальных машин через административный интерфейс PV Stack | C7: Да
A8: ДКБ-А-03 | B8: Механизм резервного копирования PV Stack должен исключить необходимость предоставления привилегированного доступа к системе для администратора | C8: Да (Не понятно о чем речь. РК можно создавать внутренним механизмом cinder-backup, а можно внешней СРК. Если речь про внутренний механизм, то подтверждаю)
A9: ДКБ-А-04 | B9: Должно быть реализовано ограничение количества неуспешных попыток доступа к ПВ с последующей блокировкой учетной записи доступа после достижения установленного максимального числа попыток. | C9: Да, horizone/keystone
A10: ДКБ-А-05 | B10: Должно быть реализовано ограничение числа параллельных сеансов доступа. | C10: Да, horizone
A11: ДКБ-А-06 | B11: Блокирование сеанса доступа пользователя при неактивности, по истечении 15 минут. | C11: Да, настройка horizon
A12: ДКБ-А-07 | B12: Первичная идентификация пользователей средства виртуализации 6 класса защиты должна осуществляться администратором средства виртуализации. | C12: ФСТЭК (но требование поддерживается)
... A48: ДКБ-SEC-01 | B48: Должна быть реализована возможность автоматизированной ротации артефактов авторизации (секреты, токены expiration, projected). | C48: secman

Sheet  Первый релиз (05.08)
A1: № требования | B1: Требование | C1: Проверка
A2: ДКБ-РМ-01 | B2: Ролевая модель должна соответствовать принципу наименьших привилегий. Выдаваться должны только те права и полномочия в системе, которые необходимы для выполнения конкретной задачи. (требование к ПУЗ выдаваемый через PAM, ТУЗ) | C2: =VLOOKUP(A2,'Все требования'!$B$2:$B$170,1,FALSE) -> ДКБ-РМ-01
A3: ДКБ-РМ-02 | B3: Не должно быть совмещения ролей администратора ПВ с любыми другими ролями, наследования и агрегирования прав должно быть согласовано с УЭК. | C3: =VLOOKUP(A3,'Все требования'!$B$2:$B$170,1,FALSE) -> ДКБ-РМ-02
A4: ДКБ-РМ-06 | B4: Запрет использования локальных учетных записей в системе. | C4: =VLOOKUP(A4,'Все требования'!$B$2:$B$170,1,FALSE) -> ДКБ-РМ-06
A5: ДКБ-РМ-07 | B5: Учетные записи по умолчанию должны быть отключены | C5: =VLOOKUP(A5,'Все требования'!$B$2:$B$170,1,FALSE) -> ДКБ-РМ-07
A6: ДКБ-РМ-08 | B6: UI пользователя (администратора) системы не должен отображать элементы, на работу с которыми у него нет прав. | C6: =VLOOKUP(A6,'Все требования'!$B$2:$B$170,1,FALSE) -> ДКБ-РМ-08
A7: ДКБ-РМ-09 | B7: Парольная информация (ключи, секреты, пароли и т.д) должна храниться в Secman. | C7: =VLOOKUP(A7,'Все требования'!$B$2:$B$170,1,FALSE) -> ДКБ-РМ-09
A8: ДКБ-РМ-12 | B8: В средстве виртуализации должен быть реализован ролевой метод управления доступом с четырьмя ролями пользователей: разработчик виртуальной машины, администратор безопасности средства виртуализации, администратор средства виртуализации, администратор виртуальной машины. | C8: =VLOOKUP(A8,'Все требования'!$B$2:$B$170,1,FALSE) -> ДКБ-РМ-12
A9: ДКБ-РМ-13 | B9: Роль разработчика виртуальной машины должна позволять: - создавать виртуальные машины; - изменять конфигурации виртуальных машин. | C9: =VLOOKUP(A9,'Все требования'!$B$2:$B$170,1,FALSE) -> ДКБ-РМ-13
A10: ДКБ-РМ-14 | B10: Роль администратора безопасности средства виртуализации должна позволять: - иметь доступ на чтение к журналу событий безопасности средства виртуализации; - формировать отчеты с учетом заданных критериев отбора, выгрузку (экспорт) данных из журнала событий безопасности средства виртуализации. | C10: =VLOOKUP(A10,'Все требования'!$B$2:$B$170,1,FALSE) -> ДКБ-РМ-14
A11: ДКБ-РМ-15 | B11: Роль администратора средства виртуализации должна позволять: - создавать учетные записи пользователей средства виртуализации; - управлять учетными записями пользователей средства виртуализации; - назначать права доступа пользователям средства виртуализации к виртуальным машинам; - создавать и удалять виртуальное оборудование средства виртуализации; - изменять конфигурации виртуального оборудования средства виртуализации; - управлять доступом виртуальных машин к физическому и виртуальному оборудованию; - управлять квотами доступа виртуальных машин к физическому и виртуальному оборудованию; - управлять перемещением виртуальных машин; - удалять виртуальные машины; - запускать и останавливать виртуальные машины; - создавать снимки состояния виртуальных машин, включающих файл конфигурации виртуальной машины, образа виртуальной машины и образа памяти виртуальной машины. | C11: =VLOOKUP(A11,'Все требования'!$B$2:$B$170,1,FALSE) -> ДКБ-РМ-15
A12: ДКБ-А-02 | B12: У администратора не должно быть прямого доступ к файловому хранилищу дисков виртуальных машин через административный интерфейс PV Stack | C12: =VLOOKUP(A12,'Все требования'!$B$2:$B$170,1,FALSE) -> ДКБ-А-02
A13: ДКБ-А-04 | B13: Должно быть реализовано ограничение количества неуспешных попыток доступа к ПВ с последующей блокировкой учетной записи доступа после достижения установленного максимального числа попыток. | C13: =VLOOKUP(A13,'Все требования'!$B$2:$B$170,1,FALSE) -> ДКБ-А-04
... A96: ДКБ-ИНТ-01 | B96: Использование любых API (портов) и интерфейсов, входящих в состав продукта, должны быть описаны. Неиспользуемые API и интерфейсы должны быть заблокированы. | C96: =VLOOKUP(A96,'Все требования'!$B$2:$B$170,1,FALSE) -> ДКБ-ИНТ-01

Sheet Первый релиз (07.09)
B2: № требования | C2: Требование | D2: Задача в Jira | E2: В 1 релизе? | F2: Комментарий
B3: ДКБ-РМ-01 | C3: Ролевая модель должна соответствовать принципу наименьших привилегий. Выдаваться должны только те права и полномочия в системе, которые необходимы для выполнения конкретной задачи. (требование к ПУЗ выдаваемый через PAM, ТУЗ) | D3: https://jira.sberbank.ru/browse/CRPLTFRM-37124 | E3: Да
B4: ДКБ-РМ-02 | C4: Не должно быть совмещения ролей администратора ПВ с любыми другими ролями, наследования и агрегирования прав должно быть согласовано с УЭК. | D4: https://jira.sberbank.ru/browse/CRPLTFRM-37124 | E4: ???
B5: ДКБ-РМ-03 | C5: Запуск любых скриптов администраторами должен производиться только через PAM под привилегированной учетной записью. (ЦКЗ) | D5: https://jira.sberbank.ru/browse/CRPLTFRM-37124 | E5: Нет
B6: ДКБ-РМ-04 | C6: Управление ролевыми моделями и ПУЗ, ТУЗ должны происходить в АС СУУПТ. | D6: https://jira.sberbank.ru/browse/CRPLTFRM-37124 | E6: Нет
B7: ДКБ-РМ-05 | C7: Использование локальных технологических учетных записей для исполнения задач пользователей и администраторов запрещено. (ЦКЗ) | D7: https://jira.sberbank.ru/browse/CRPLTFRM-37124 | E7: Да
B8: ДКБ-РМ-06 | C8: Запрет использования локальных учетных записей в системе. | D8: https://jira.sberbank.ru/browse/CRPLTFRM-37124 | E8: Да
B9: ДКБ-РМ-07 | C9: Учетные записи по умолчанию должны быть отключены | D9: https://jira.sberbank.ru/browse/CRPLTFRM-37124 | E9: Да
B10: ДКБ-РМ-08 | C10: UI пользователя (администратора) системы не должен отображать элементы, на работу с которыми у него нет прав. | D10: https://jira.sberbank.ru/browse/CRPLTFRM-37124 | E10: ??? | F10: Элементы есть, но действия заблокированы
B11: ДКБ-РМ-09 | C11: Парольная информация (ключи, секреты, пароли и т.д) должна храниться в Secman. | D11: https://jira.sberbank.ru/browse/CRPLTFRM-37124 | E11: Да | F11: За исключением нулевых секретов
B12: ДКБ-РМ-10 | C12: Должна быть исключена доступ к паролям и другим конфиденциальным данным пользователей системы. | D12: https://jira.sberbank.ru/browse/CRPLTFRM-37124 | E12: Нет
B13: ДКБ-РМ-11 | C13: Должен обеспечиваться контроль данных загружаемых в систему, исключающий возможность загрузки произвольного кода и исполняемых файлов (такие как SQL инъекции, скрипты, файлы запуска и т.д.). | D13: https://jira.sberbank.ru/browse/CRPLTFRM-37124 | E13: Нет
B14: ДКБ-РМ-12 | C14: В средстве виртуализации должен быть реализован ролевой метод управления доступом с четырьмя ролями пользователей: разработчик виртуальной машины, администратор безопасности средства виртуализации, администратор средства виртуализации, администратор виртуальной машины. | D14: https://jira.sberbank.ru/browse/CRPLTFRM-37124 | E14: Да | F14: Итоговая РМ будет учтена в следующем релизе
B15: ДКБ-РМ-13 | C15: Роль разработчика виртуальной машины должна позволять: создавать виртуальные машины; - изменять конфигурации виртуальных машин. | D15: https://jira.sberbank.ru/browse/CRPLTFRM-37124 | E15: Да
B16: ДКБ-РМ-14 | C16: Роль администратора безопасности средства виртуализации должна позволять:- иметь доступ на чтение к журналу событий безопасности средства виртуализации;- формировать отчеты с учетом заданных критериев отбора, выгрузку (экспорт) данных из журнала событий безопасности средства виртуализации. | D16: https://jira.sberbank.ru/browse/CRPLTFRM-37124 | E16: Да
B17: ДКБ-РМ-15 | C17: Роль администратора средства виртуализации должна позволять: - создавать учетные записи пользователей средства виртуализации; - управлять учетными записями пользователей средства виртуализации; - назначать права доступа пользователям средства виртуализации к виртуальным машинам; - создавать и удалять виртуальное оборудование средства виртуализации; - изменять конфигурации виртуального оборудования средства виртуализации; управлять доступом виртуальных машин к физическому и виртуальному оборудованию; - управлять квотами доступа виртуальных машин к физическому и виртуальному оборудованию; управлять перемещением виртуальных машин; - удалять виртуальные машины; запускать и останавливать виртуальные машины; - создавать снимки состояния виртуальных машин, включающих файл конфигурации виртуальной машины, образа виртуальной машины и образа памяти виртуальной машины. | D17: https://jira.sberbank.ru/browse/CRPLTFRM-37124 | E17: Да
B18: ДКБ-РМ-16 | C18: Роль администратора виртуальной машины должна позволять осуществлять доступ пользователя средства виртуализации к виртуальной машине посредством интерфейса средства виртуализации. | D18: https://jira.sberbank.ru/browse/CRPLTFRM-37124 | E18: Нет
B19: ДКБ-А-01 | C19: Аутентификация с использованием привилегированных УЗ на компонентах ПВ должна осуществляться через АС PAM. | D19: https://jira.sberbank.ru/browse/CRPLTFRM-37124 | E19: ??? | F19: Требование к инсталляции
B20: ДКБ-А-02 | C20: У администратора не должно быть прямого доступ к файловому хранилищу дисков виртуальных машин через административный интерфейс PV Stack | D20: https://jira.sberbank.ru/browse/CRPLTFRM-37124 | E20: Да
B21: ДКБ-А-03 | C21: Механизм резервного копирования PV Stack должен исключить необходимость предоставления привилегированного доступа к системе для администратора | D21: https://jira.sberbank.ru/browse/CRPLTFRM-37124 | E21: ???
B22: ДКБ-А-04 | C22: Должно быть реализовано ограничение количества неуспешных попыток доступа к ПВ с последующей блокировкой учетной записи доступа после достижения установленного максимального числа попыток. | D22: https://jira.sberbank.ru/browse/CRPLTFRM-37124 | E22: Да
B23: ДКБ-А-05 | C23: Должно быть реализовано ограничение числа параллельных сеансов доступа. | D23: https://jira.sberbank.ru/browse/CRPLTFRM-37124 | E23: Да
B24: ДКБ-А-06 | C24: Блокирование сеанса доступа пользователя при неактивности, по истечении 15 минут. | D24: https://jira.sberbank.ru/browse/CRPLTFRM-37124 | E24: Да
B25: ДКБ-А-07 | C25: Первичная идентификация пользователей средства виртуализации 6 класса защиты должна осуществляться администратором средства виртуализации. | D25: https://jira.sberbank.ru/browse/CRPLTFRM-37124 | E25: ??? | F25: Требование не к продукту
B26: ДКБ-А-08 | C26: Идентификация и аутентификация пользователей в средстве виртуализации осуществляется с учетом требований разделов 4 – 7 ГОСТ Р 58833–2020 "Защита информации. Идентификация и аутентификация. Общие положения" | D26: https://jira.sberbank.ru/browse/CRPLTFRM-37124 | E26: Да
B27: ДКБ-А-09 | C27: Средство виртуализации должно осуществлять аутентификацию пользователей при предъявлении идентификатора и пароля пользователя. | D27: https://jira.sberbank.ru/browse/CRPLTFRM-37124 | E27: Да
B28: ДКБ-А-10 | C28: Пароль пользователя для первичной аутентификации должен устанавливаться администратором средства виртуализации. | D28: https://jira.sberbank.ru/browse/CRPLTFRM-37124 | E28: Нет
B29: ДКБ-А-11 | C29: Средство виртуализации должно обеспечивать возможность смены установленного администратором средства виртуализации пароля пользователя средства виртуализации после его первичной аутентификации. | D29: https://jira.sberbank.ru/browse/CRPLTFRM-37124 | E29: Нет
B30: ДКБ-А-12 | C30: Средство виртуализации должно обеспечивать невозможность установления одинаковых идентификаторов и паролей для разных пользователей. | D30: https://jira.sberbank.ru/browse/CRPLTFRM-37124 | E30: Нет
B31: ДКБ-А-13 | C31: При попытке ввода неправильного значения идентификатора или пароля пользователя должно выводиться сообщение с приглашением ввести правильный идентификатор и пароль еще раз. | D31: https://jira.sberbank.ru/browse/CRPLTFRM-37124 | E31: Да
B32: ДКБ-А-14 | C32: При исчерпании установленного максимального количества неуспешных попыток ввода неправильного пароля учетная запись пользователя средства виртуализации должна быть заблокирована с возможностью разблокировки администратором средства виртуализации или с возможностью автоматической разблокировки по истечении временного интервала, устанавливаемого администратором средства виртуализации. | D32: https://jira.sberbank.ru/browse/CRPLTFRM-37124 | E32: Нет
B33: ДКБ-А-15 | C33: Защита пароля пользователя средства виртуализации должна обеспечиваться при его вводе за счет отображения вводимых символов условными знаками. | D33: https://jira.sberbank.ru/browse/CRPLTFRM-37124 | E33: Да
B34: ДКБ-С-01 | C34: Системы-участники (включая части системы, шлюзы, платформенные сервисы и т.д.) при сетевых взаимодействиях должны обеспечивать строгую аутентификацию и авторизацию друг друга с помощью криптостойких алгоритмов шифрования, соответствующих комплаенсу банка. Сетевые соединения с не аутентифицированными и/или неавторизованными сторонами должен быть исключен. | D34: https://jira.sberbank.ru/browse/CRPLTFRM-37124 | E34: Да
B35: ДКБ-С-02 | C35: Сертификаты должны быть выпущены УЦ банка. Должен быть реализован механизм проверки их по спискам отзыва (OCSP/CRL) | D35: https://jira.sberbank.ru/browse/CRPLTFRM-37124 | E35: ??? | F35: Вопрос к формулировке требования
B36: ДКБ-С-03 | C36: Поддержка возможности сетевой изоляции одной ВМ от другой в том числе в пределах одного сетевого сегмента. | D36: https://jira.sberbank.ru/browse/CRPLTFRM-37124 | E36: Да
B37: ДКБ-С-04 | C37: Реализация возможности создать правило разграничения сетевого доступа для одного хоста. | D37: https://jira.sberbank.ru/browse/CRPLTFRM-37124 | E37: Да
B38: ДКБ-С-05 | C38: Реализация возможности создать правило разграничения сетевого доступа для группы хостов. | D38: https://jira.sberbank.ru/browse/CRPLTFRM-37124 | E38: Да
B39: ДКБ-С-06 | C39: Реализация возможности создать правило разграничения сетевого доступа для одного хоста и конкретного сетевого интерфейса. | D39: https://jira.sberbank.ru/browse/CRPLTFRM-37124 | E39: Да
B40: ДКБ-С-07 | C40: Реализация возможности создать правило разграничения сетевого доступа для группы хостов и конкретных сетевых интерфейсов на них. | D40: https://jira.sberbank.ru/browse/CRPLTFRM-37124 | E40: Да
B41: ДКБ-С-08 | C41: Реализация возможности просмотра правила разграничения сетевого доступа для одного хоста. | D41: https://jira.sberbank.ru/browse/CRPLTFRM-37124 | E41: Да
B42: ДКБ-С-09 | C42: Реализация возможности просмотра правила разграничения сетевого доступа для группы хостов. | D42: https://jira.sberbank.ru/browse/CRPLTFRM-37124 | E42: Да
B43: ДКБ-С-10 | C43: Реализация возможности отключения правил разграничения доступа для одного хоста. | D43: https://jira.sberbank.ru/browse/CRPLTFRM-37124 | E43: Да
B44: ДКБ-С-11 | C44: Реализация возможности отключения правил разграничения доступа для группы хостов. | D44: https://jira.sberbank.ru/browse/CRPLTFRM-37124 | E44: Да
B45: ДКБ-С-12 | C45: Реализация возможности объединения различных ВМ в группы с разграничением доступа (поддержка вложенных групп и темпоральных групп, членство в которых определяется временем/датой). | D45: https://jira.sberbank.ru/browse/CRPLTFRM-37124 | E45: Нет
B46: ДКБ-С-13 | C46: Реализация возможности разрешать или ограничивать сетевое взаимодействие между двумя узлами без привязки к сетевым портам TCP/UDP. | D46: https://jira.sberbank.ru/browse/CRPLTFRM-37124 | E46: Да
B47: ДКБ-С-14 | C47: Реализация возможности разрешать или ограничивать сетевое взаимодействие между группами узлов без привязки к сетевым портам TCP/UDP. | D47: https://jira.sberbank.ru/browse/CRPLTFRM-37124 | E47: Да
... B55: ДКБ-С-22 | C55: Реализация динамических групп безопасности (Dynamic Security Groups) для наполнения атрибутами: имена ВМ, теги, операционная система | D55: https://jira.sberbank.ru/browse/CRPLTFRM-37127 | E55: Нет
B56: ДКБ-С-23 | C56: Реализация API для интеграции с внешними системами (МETA/SberNAO) | D56: https://jira.sberbank.ru/browse/CRPLTFRM-37127 | E56: Да | F56: В рамках релиза "Микросегментация"
B57: ДКБ-С-24 | C57: Реализация сохранения политик Overlay-сети (VXLAN и/или Geneve c EVPN control plane) | D57: https://jira.sberbank.ru/browse/CRPLTFRM-37127 | E57: Нет
B58: ДКБ-С-25 | C58: Реализация возможности применения новых политик в режиме наблюдения без блокировки трафика для анализа их влияния на бизнес-сервисы перед включением | D58: https://jira.sberbank.ru/browse/CRPLTFRM-37127 | E58: Нет
B59: ДКБ-С-26 | C59: Реализация возможности обнаружения конфликтов и избыточности (API-доступный механизм семантического анализа политик для обнаружения противоречий (conflict detection) и избыточных разрешений (redundancy detection) | D59: https://jira.sberbank.ru/browse/CRPLTFRM-37127 | E59: Нет
B60: ДКБ-С-27 | C60: Реализация встроенного симулятора прохождения пакета с поддержкой Identity (меток), FQDN и L7-параметров для пошаговой эмуляции и диагностики политик (аналог пакетного трассировщика) | D60: https://jira.sberbank.ru/browse/CRPLTFRM-37127 | E60: Нет
B61: ДКБ-С-28 | C61: Реализация поддержки жизненного цикла и хранения политик через DevOps (интеграция с системами Банка, например GitOps, Terraform, Ansible). | D61: https://jira.sberbank.ru/browse/CRPLTFRM-37127 | E61: Да
B62: ДКБ-С-29 | C62: Реализация отказоустойчивого распределённого кэша состояния соединений (stateful session table) с репликацией между узлами кластера для сохранения отслеживания сессий при отказе узла | D62: https://jira.sberbank.ru/browse/CRPLTFRM-37127 | E62: Нет
B63: ДКБ-С-30 | C63: Реализация возможности передачи событий работы правил и аудита действий над политикой доступа во внешнею SIEM систему | D63: https://jira.sberbank.ru/browse/CRPLTFRM-37127 | E63: Да
B64: ДКБ-С-31 | C64: Интерфейсы управления должны быть выделены в отдельную VLAN сеть. | D64: https://jira.sberbank.ru/browse/CRPLTFRM-37127 | E64: Да
B65: ДКБ-С-32 | C65: Должны быть описаны все порты используемы для взаимодействия внутренних компонентов и порты внешних подключений (административный доступ) для настроек файервола | D65: https://jira.sberbank.ru/browse/CRPLTFRM-37127 | E65: Да
B66: ДКБ-С-33 | C66: В целях обеспечения удаленного доступа пользователей с использованием сетей связи общего пользования к средству виртуализации должны применяться средства криптографической защиты информации, прошедшие процедуру оценки соответствия в соответствии с законодательством Российской Федерации. | D66: https://jira.sberbank.ru/browse/CRPLTFRM-37127 | E66: ??? | F66: Требование не к продукту
B67: ДКБ-ПКБ-01 | C67: Возможность передачи логов, событий безопасности во внешние системы. | D67: https://jira.sberbank.ru/browse/CRPLTFRM-37127 | E67: Да
B68: ДКБ-ПКБ-02 | C68: Реализация возможности передачи событий аудита компонентов ПВ в централизованный сервис аудита с использованием брокера сообщений/http, с поддержкой защищенного авторизованного соединения. | D68: https://jira.sberbank.ru/browse/CRPLTFRM-37127 | E68: Да
B69: ДКБ-ПКБ-03 | C69: Реализация функции запрета на отключение передачи событий в централизованный сервис аудита. | D69: https://jira.sberbank.ru/browse/CRPLTFRM-37127 | E69: Да
B70: ДКБ-ПКБ-04 | C70: Каждое событие аудита обязательно должно содержать следующий минимальный набор атрибутов: | D70: https://jira.sberbank.ru/browse/CRPLTFRM-37127 | E70: Да
B71: ДКБ-ПКБ-04.1 | C71: - дата и время (с точностью до секунды); | D71: https://jira.sberbank.ru/browse/CRPLTFRM-37127 | E71: Да
B72: ДКБ-ПКБ-04.2 | C72: - идентификатор пользователя; | D72: https://jira.sberbank.ru/browse/CRPLTFRM-37127 | E72: Да
B73: ДКБ-ПКБ-04.3 | C73: - идентификатор действия, которое привело к возникновению события; | D73: https://jira.sberbank.ru/browse/CRPLTFRM-37127 | E73: Да
B74: ДКБ-ПКБ-04.4 | C74: - наименование события и его уникальный идентификатор; | D74: https://jira.sberbank.ru/browse/CRPLTFRM-37127 | E74: Да
B75: ДКБ-ПКБ-04.5 | C75: - результат (успешный/неуспешный); | D75: https://jira.sberbank.ru/browse/CRPLTFRM-37127 | E75: Да
B76: ДКБ-ПКБ-04.6 (опционально) | C76: - старое и новое значение (для событий изменения объекта); | D76: https://jira.sberbank.ru/browse/CRPLTFRM-37127 | E76: Да
B77: ДКБ-ПКБ-04.7 | C77: - идентификатор (адрес) системного компонента (компьютера), используемого для доступа к системе; | D77: https://jira.sberbank.ru/browse/CRPLTFRM-37127 | E77: Да
B78: ДКБ-ПКБ-04.8 | C78: - идентификатор (адрес) или название данных, системного компонента или ресурса, на которые повлияло указанное событие. | D78: https://jira.sberbank.ru/browse/CRPLTFRM-37127 | E78: Да
... B141: ДКБ-SEC-01 | C141: Должна быть реализована возможность автоматизированной ротации артефактов авторизации (секреты, токены expiration, projected). | D141: https://jira.sberbank.ru/browse/CRPLTFRM-37128 | E141: Да
B142: ДКБ-SEC-02 | C142: Средство виртуализации должно обеспечивать хранение аутентификационной информации пользователя средства виртуализации в защищенном формате или в защищенном хранилище. | D142: https://jira.sberbank.ru/browse/CRPLTFRM-37128 | E142: ??? | F142: Требование не к продукту
B143: ДКБ-SEC-03 | C143: Пароль пользователя средства виртуализации должен содержать не менее 8 символов при алфавите пароля не менее 70 символов. Максимальное количество неуспешных попыток аутентификации (ввода неправильного пароля) до блокировки – 4 | D143: https://jira.sberbank.ru/browse/CRPLTFRM-37128 | E143: ??? | F143: Требование не к продукту
B144: ДКБ-ИНТ-01 | C144: Использование любых API (портов) и интерфейсов, входящих в состав продукта, должны быть описаны. Неиспользуемые API и интерфейсы должны быть заблокированы. | D144: https://jira.sberbank.ru/browse/CRPLTFRM-37128 | E144: Нет
B145: ДКБ-ФСТЭК-01 | C145: Средства виртуализации, соответствующие 4 классу защиты, применяются в значимых объектах критической информационной инфраструктуры 1 категории значимости, в государственных информационных системах 1 класса защищенности, в автоматизированных системах управления производственными и технологическими процессами 1 класса защищенности, в информационных системах персональных данных при необходимости обеспечения 1 уровня защищенности персональных данных, в информационных системах общего пользования II класса[6]. | D145: https://jira.sberbank.ru/browse/CRPLTFRM-37128 | E145: Нет
B146: ДКБ-ФСТЭК-02 | C146: Средства виртуализации должны соответствовать 4 уровню доверия | D146: https://jira.sberbank.ru/browse/CRPLTFRM-37128 | E146: Нет
B147: ДКБ-ФСТЭК-03 | C147: Средство виртуализации должно функционировать в среде хостовой операционной системы, соответствующей 4 классу защиты и 4 уровню доверия. | D147: https://jira.sberbank.ru/browse/CRPLTFRM-37128 | E147: Нет
B148: ДКБ-ФСТЭК-04 | C148: Средство виртуализации должно блокировать запуск виртуальной машины при выявлении нарушения целостности конфигурации виртуального оборудования данной виртуальной машины. | D148: https://jira.sberbank.ru/browse/CRPLTFRM-37128 | E148: Нет
B149: ДКБ-ФСТЭК-05 | C149: Средство виртуализации должно блокировать запуск виртуальной машины при выявлении нарушения целостности файлов виртуальной базовой системы ввода-вывода (первичного загрузчика виртуальной машины) и (или) исполняемых файлов гостевой операционной системы. | D149: https://jira.sberbank.ru/browse/CRPLTFRM-37128 | E149: Нет
B150: ДКБ-ФСТЭК-06 | C150: Средство виртуализации должно контролировать целостность в процессе загрузки и динамически в процессе функционирования средства виртуализации объектов контроля самостоятельно или с применением сертифицированных хостовой операционной системы или средства доверенной загрузки | D150: https://jira.sberbank.ru/browse/CRPLTFRM-37128 | E150: Нет
B151: ДКБ-ФСТЭК-07 | C151: Средство виртуализации должно информировать администратора безопасности средства виртуализации о нарушении целостности объектов контроля | D151: https://jira.sberbank.ru/browse/CRPLTFRM-37128 | E151: Нет
B152: ДКБ-ФСТЭК-08 | C152: Средство виртуализации должно контролировать целостность конфигурации виртуального оборудования виртуальных машин | D152: https://jira.sberbank.ru/browse/CRPLTFRM-37128 | E152: Нет
B153: ДКБ-ФСТЭК-09 | C153: Средство виртуализации должно контролировать целостность исполняемых файлов и параметров настройки средства виртуализации | D153: https://jira.sberbank.ru/browse/CRPLTFRM-37128 | E153: Нет
B154: ДКБ-ФСТЭК-10 | C154: В средстве виртуализации должно обеспечиваться резервное копирование образов виртуальных машин и конфигурации виртуального оборудования виртуальных машин самостоятельно или с применением хостовой операционной системы или сертифицированных средств резервного копирования | D154: https://jira.sberbank.ru/browse/CRPLTFRM-37128 | E154: Нет
B155: ДКБ-ФСТЭК-11 | C155: В средстве виртуализации должно обеспечиваться резервное копирование параметров настройки средства виртуализации | D155: https://jira.sberbank.ru/browse/CRPLTFRM-37128 | E155: Нет
... B163: ДКБ-ФСТЭК-19 | C163: Должна быть обеспечена антивирусная защита на уровне хостовой ОС ПВ. | D163: https://jira.sberbank.ru/browse/CRPLTFRM-37128 | E163: Нет

Sheet Все требования (07.09)
B2: № П/П | C2: Требование | D2: Код исходного требования
B3: 1 | C3: Ролевая модель должна соответствовать принципу наименьших привилегий. Выдаваться должны только те права и полномочия в системе, которые необходимы для выполнения конкретной задачи | D3: ДКБ-РМ-01
B4: 2 | C4: Не должно быть совмещения ролей администратора ПВ с любыми другими ролями, наследования и агрегирования прав должно быть согласовано с ДКБ. | D4: ДКБ-РМ-02
B5: 3 | C5: Любой доступ, включая доступ к данным, а также его актуализация, должен осуществляться на основании ролевых моделей. | D5: -
B6: 4 | C6: Не должно быть совмещения ролей администратора ПВ с любыми другими ролями. | D6: Дубль требования 2
B7: 5 | C7: Запуск любых скриптов администраторами должен производиться только через PAM под привилегированной учетной записью. | D7: ДКБ-РМ-03
B8: 6 | C8: Управление ролевыми моделями и ПУЗ, ТУЗ должны происходить в АС СУУПТ. | D8: ДКБ-РМ-04
B9: 7 | C9: Запрет использования локальных учетных записей в системе. Исключения должны быть явно согласованы с ДКБ. | D9: ДКБ-РМ-06*
B10: 8 | C10: Учетные записи по умолчанию должны быть отключены | D10: ДКБ-РМ-07
B11: 9 | C11: Сервисы Openstack контроллеров undercloud/deployer должны иметь ролевую модель отличную от хостовой ОС. Для ролевой модели должна быть разработана матрица доступа и должна соответствовать принципу несовместимости ролей. Должен соблюдаться принцип минимизации полномочий. | D11: -
B12: 10 | C12: Не допускается использование локальной ролевой модели. | D12: -
B13: 11 | C13: Ролевая модель администратора по умолчанию должна быть выключена. | D13: -
B14: 12 | C14: UI пользователя (администратора) системы не должен отображать элементы, на работу с которыми у него нет прав. | D14: ДКБ-РМ-08
... B153: 151 | C153: Пароль пользователя средства виртуализации должен содержать не менее 8 символов при алфавите пароля не менее 70 символов. Максимальное количество неуспешных попыток аутентификации (ввода неправильного пароля) до блокировки – 4 | D153: ДКБ-SEC-03
